annotation_example,case,author,doc_id,snippet
9,main,Hindawi_32,60724057,"وزير المعارف: إن وزارة المعارف لا تمانع في ذلك.
الرئيس: بقيت النقطة الثانية؛ وهي تكليف النيابة العمومية بإقامة الدعوى ضد المؤلف؛ فهل ترى الحكومةُ — إذا وافق المجلس على إبداء هذه الرغبة — في ذلك اعتداءً على اختصاصها؟
عبد الخالق
"
9,snippet_same_author_diff_doc_dev_out,Hindawi_32,80383953,"قال «الشيخ علي»: تلك هي الحقيقة يا بني، فلن يأتيَ لكائن مَن كان أن يقسم النساء إلى جميلات وقبيحات إلا إذا طوى في ذلك معنى القسمة إلى شهواتٍ جميلة وشهواتٍ قبيحة، ومتى انتهينا إلى هذا فقد خرجنا إلى المخاطبة بلغةٍ
"
9,snippet_diff_author_diff_corpus_dev_out,Gumar_69,00937,"الدكتور: ايه الكلام ده... دا باباك ام بارح كان هنا... ازي تئول كده... لو كنت زعلان مع باباك ما يصوحش تئول الكلام ده... أولي يبني عامل إيه النهار ده كويس
مازن: إيوه كويس
الدكتور: دا أنا حكتب لك خروق النهار
"
9,snippet_same_author_same_doc,Hindawi_32,60724057,"فكري أباظة بك: يمكنك استيفاء الموضوع في فترة التأجيل.
الرئيس: إن الموضوع مستوفى.
وزير الحقانية: يظهر لي أن المسألة تكاد تكون من اختصاص وزير الحقانية. يريد المجلس الموقر أن يبدي رغبة بتقديم مؤلف كتاب «الشعر الجاهلي» إلى المحاكمة.
وتقول الحكومة
"
9,snippet_diff_author_same_corpus_dev_in,Hindawi_160,20916382,"لم يحضر شراهيل أو غيره. عبد المجيد هو الذي جاء بعد أن قضى مدته، وبعد أن تخلَّصت ذات من العفاريت بطريقتها الخاصة.
فهي ليست ساذجةً كما قد يتبادر إلى الذهن؛ أن يتحرَّك المفرش ويختفي، أو تدب الحياة في لعب الأطفال
"
9,snippet_same_author_diff_doc_dev_in,Hindawi_32,63135060,"(٧٨) يريد أنه أساس تاريخي لما سيبنى عليه، فليضعوا كل همهم فيه، أو هو يملك الأيام الآتية، فإذا أحرزوه أحرزوها معه، وإن خسروه ذهبت بذهابه.
(٧٩) أي زدناه صفرًا فعددنا عشرة، وأخرجناه كذلك صفرًا ولا فخر، وهذه الكثرة كثرة لغوية،
"
9,snippet_diff_author_same_corpus_dev_out,Hindawi_26,51519061,"والواقع أن أكثر المغنين المشهورين كانوا في البداية من الذين ينشدون في حلقات الذكر ويقرءون قصة المولد النبوي.
(٦)
ولا بد من الإشارة إلى أن روح التشيُّع سرى إلى بعض من يقرءون قصة المولد النبوي بدون أن يتنبهوا إلى ذلك؛
"
9,snippet_diff_author_diff_corpus_dev_in,Gumar_169,00628,"غسان انا مااقول لااحد ها الحكي بس علشان تعرف اني اعتبرك مو اخوي الصغير لا...انت الانسان اللي ممكن يسمعني إذا ضاق صدري؟
غسان/انا اخوك وبظل اخوك واسمعك لااخر شي....
هالة/خلنا مني وانت قول وش جايبك غرفتي بنص الليل ؟اعرفك منت
"
8,main,Hindawi_26,92480708,"وكم جميلٍ بورد الخد حيَّاني
•••
يا مُوقد النار في قلبي مؤججةً
وقاطنًا بين أنهار وريحانِ
عَرِّج عليَّ فما نفسي بصابرةٍ
على نواك وما طرفي بوسنان
وإليك قوله من كلمة ثانية:
إيهِ يا فتنة الوجود سلامٌ
من مَشوقٍ متيَّم القلب
"
8,snippet_diff_author_diff_corpus_dev_out,Gumar_483,00587,"جلست قوت وهي متوتره حييييل ...التفت ليها عتاب وهو مبتسم ورجع يتمدد ويحط راسه على رجلها
عتاب:لو اننا نمسي اهنيا كل يوووم مهب احسن
ارتجفت قوت وحاولت توقف لاكنه مسكها
عتاب:تعااالي اهنيا
ناظرته بخوووف...اعتدل جالس وناظرها
عتاب:وش فيييج ياحبة عيييني
"
8,snippet_diff_author_diff_corpus_dev_in,Gumar_44,00999,"عنود : الله يعطيك طولة العمر ويخليك لي يالغاليه .. وتضم امها ..
والكل تدمع عيونها ..
جواهر : بس بتقلبوها بكي يالله يما لا تخلينها تذرف بعد يكفي السيول كيف بنسدها الحين وتنادي خبيرة المكياج تصلح الكحل ..
خبيرة
"
8,snippet_same_author_same_doc,Hindawi_26,92480708,"إذا تلفتُّ في إطلالها ابتدرت
للقلب والعين أمواهٌ ونيران
كلمٌ بقلبي أداويه ويَقرفهُ
طول ادِّكاري لمن لي منه نسيان١
لا لِلَّوائم إقصار بلائمة
عن العميد ولا للقلب سلوان
على مواعيدهم خلف إذا وعدوا
وفي ديونهم مَطل وليان
هم عرضوا بوفاء
"
8,snippet_same_author_diff_doc_dev_out,Hindawi_26,51519061,"ومن المؤكَّد أن تأليف الموالد أقدم من ذلك؛ فقد استُعْمِلت لفظة «مولد» بمعنى «تاريخ» منذ عهد بعيد، وللواقدي كتاب اسمه: «مولد الحسن والحسين».
(٢)
لا جدال في أن المسلمين اهتموا منذ عهد بعيد بتدوين أخبار الرسول، أما وضع القصص الخيالية
"
8,snippet_diff_author_same_corpus_dev_out,Hindawi_60,39308197,"وخرجتُ وصديقي من هذا المتحف الرائع ونحن نتمنَّى دِعاية أكثر له في أوساط الشباب من الطلبة الذين لا بُدَّ وأنهم يدرسون أحمد شوقي في مرحلة من مراحل تعليمهم، وما يمكن للمدارس والكليات من تنظيم زياراتٍ لهم إلى هذا المتحف للاستفادة
"
8,snippet_same_author_diff_doc_dev_in,Hindawi_26,19139738,"وكم حبيب براح الريق أسكرني
وكم جميل بورد الخد حياني
•••
يا موقد النار في صدري مؤججة
وقاطنًا بين أنهار وريحان
عرِّج عليَّ فما نفسي بصابرة
على نواك وما طرفي بوسنان
مع الصورة
سكنت إلى النوى ونسيت صبًّا
نحيلًا كاد
"
8,snippet_diff_author_same_corpus_dev_in,Hindawi_72,17919704,"لقد أثير جدل كثير حول ما كتبه الأستاذ الزيات، ونحن مترقبون قولكم في هذا الخلاف …
عبد العظيم إبراهيم المطعني
كلية الدراسات العربية
إن ما قرره الأستاذ الزيات صحيح، ولا يغض من صحته ما ذكرتموه من الوقائع والأدلة التاريخية؛ لأن
"
16,main,Hindawi_71,42702649,"•••
فإذا كان الفصل الثاني فنحن حيث كنا في الفصل الأول من الغد، و«جاكلين» منصرفة إلى أعمال بيتها تأمر خادمها ببعض الشأن. ونحن نحس أنها تألم وأنها ترى أن قد أهينت في كرامتها وكبريائها، ولكنها لا تقول شيئًا، ولا تظهر
"
16,snippet_same_author_diff_doc_dev_out,Hindawi_71,60473902,"ثم أخرج من تحت وسادته علبة صغيرة من الذهب، أشبه شيء بعلب النشوق التي يصطنعها الشيوخ في مصر، وقال: احتفظ بها ولا تفتحها إلا حين يطلب ذلك إليك صديقنا بريبيش، واحفظ عني هاتين الصيغتين تستقبل بأولاهما النهار وبآخرهما المساء ما
"
16,snippet_diff_author_same_corpus_dev_in,Hindawi_85,42740640,"– مات الملك سيف بن ذي يزن، يا للخيانة!
•••
روعت ديار مصر على خبر غدر «تلك الجارية الفارسية» بملكهم المحبوب سيف بن ذي يزن، وكثرت الأقاويل والآراء والشائعات التي سرت من فم إلى فم على طوال البلاد وعرضها.
–
"
16,snippet_diff_author_diff_corpus_dev_out,Gumar_248,00669,"ضحكت سارا الله معك
ربى تناظر الغرفة سروي غرفتك تدفي
ابتسمت أكيد مو مثل دفى طلال
ضربتها بخفه وإحراج حمـ###
ضحكت يمكن عشان ألوانها تدرين ألوان الأحمر.. الأورنج مع البني ع قولتك تدفي لأنها ألوان حاره
لفتت نظرها المكتبة الخشبية
"
16,snippet_same_author_same_doc,Hindawi_71,42702649,"وقد فهمنا من كل هذا أنها تجد لذة في الحديث إلى الفتى، وأن الفتى مفتون باستماع حديثها. وهما في ذلك وقد تقدم الليل وإذا «مكسيم» قد أقبل ولم يكن منتظرًا، إنما كانت تنتظر عودته من الغد. أقبل فلم يجد أحدًا
"
16,snippet_same_author_diff_doc_dev_in,Hindawi_71,14820685,"فواضح أن نشر هذه الرسائل يُؤيد سياسة أوكتاف ويُؤَلِّبُ الناس على أنطوان، وقد نُشرت هذه الرسائل بالضبط في الوقت الذي كان الخصمان فيه يتهيآن للحرب التي انتصر فيها أوكتاف.
وهنا تثار مسألتان خطيرتان؛ إحداهما: تتصل بالتاريخ قبل كل شيء، وهي
"
16,snippet_diff_author_diff_corpus_dev_in,Gumar_12,00241,"مدى انقهرت منه..بجد بدونه ما راح تقدر تسوي شي...سكتت بس نظراتها الحارقه كانت تكفي انها ترد على كلام ضاري اللي جرحها..
ضاري يطالعها بعين قويه..بس من داخل ضعيفه واحترقت ورمدت.. ما تحمل اكثر..طلع وخلاهم..
ابتهال تبعت منهم: مدى...ترى مو وقاك
"
16,snippet_diff_author_same_corpus_dev_out,Hindawi_37,19028174,"وهي ترد إليه ﺑ: سيدي ابن الإنسان.
والأغرب في الأمر، في النوم، أنهم جميعًا حلموا حلمًا واحدًا، حلمًا شاسعًا وكبيرًا، كان الموكب العظيم ينطلق من المغارة ذاتها، تتقدمه المرايم والنساء الكثيرات اللائي قدمن من نيالا وكاس وزالنجي مؤمنات ومحبات، كان
"
33,main,Gumar_214,01185,"أبو سعود: أوكي آخر وحده
أم سعود بضحكــة: هههه أوكي
.. في المستشفى ..
بعد ساعــة .. من التحاليل .. الدكتورة وهي تبتسم: ألف مبروك المدام حامل
سعود بفــرح : حامـــــــل !!
رنيم بفرح : يعني بصير أم !! سعوود
"
33,snippet_diff_author_diff_corpus_dev_in,Hindawi_6,50357186,"أحسست بنوعٍ حرامٍ من الراحة، ولكني لم أستمتع به؛ ففي الحال تذكرت سانتي ولم يلبث قلقي عليها أن اكتسح أمامه كلَّ شعورٍ آخَر، فإذا كان كشف الأمر سيريحني فهو حتمًا سيسبب لها المتاعب، سألت شوقي إن كانوا قد أبلغوها القرار
"
33,snippet_same_author_same_doc,Gumar_214,01185,"يات تبي تتكلم بس تحس إلسانها مربوط .. دلال:...................
مسك يدها ورفعها لشفايفه وياس كل صبع .. حس برجفتها .. أحمد بحب: تدرين يا قلبي من لما طاحت عيني عليج حسيت قلبي بيطلع من مكانه..
دلال:........................
قرب منها أكثر ..
"
33,snippet_diff_author_diff_corpus_dev_out,Hindawi_82,79405794,"واجتاز كسرى في بعض حروبه برجل قد استظل بشجرة وألقى سلاحه وربط دابته فقال له: يا نذل، نحن في الحرب، وأنت بهذه الحالة؟ فقال: أيها الملك، إنما بلغت هذا السن بالتوقي.
وصف المحتج لانهزامه بخوفه من القتل
قيل لرجل إنك
"
33,snippet_same_author_diff_doc_dev_out,Gumar_214,00270,"كيف ماتضوي والكل حــــاضر وموجــــــــود
بشـــــوق المحبة نلتقي من سعــــــدها
عروسنا العروسة ياكل الحسن فيها موجود
يغـــــار منهــــا البدر من طلة هدبــــــها
عروسنا العروسة يابنت الاصل يابنت الجود
فيــــك القصـــــــــايد ماتوفي سببـــــها
عريسنا العريس ياكل الشهـــــامة بــــــلا زود
ولد الرجــــــــــال
"
33,snippet_same_author_diff_doc_dev_in,Gumar_214,00825,"هزت راسها وهي تبتسم .. فاتي: إن شاء الله .. تحملي بروحج
ظبية وهي تبتسم: يلاا نهلة النداء الأخير
نهلة وهي تهز راسها: إن شاء الله وإنتي بعد
.. مشت عنها وهي تحس بـ فرحة لـ رجوعها أخيراً لـ بلاادها
"
33,snippet_diff_author_same_corpus_dev_out,Gumar_435,00533,"العنود:وش هي تراك خوفتيني
حلا بابتسامه:لا تخافين روحي والله يوفقك
العنود ابتسمت وراحت مع غزلان ودخلت مع سليمان اللي ينتظرها
أول ما دخلت ما قدرت ترفع عيونها وتطالع الإنسان اللي قدامها
سليمان:السلام عليكم
مصعب:وعليكم السلام
العنود شبهت على الصوت بس
"
33,snippet_diff_author_same_corpus_dev_in,Gumar_20,00028,"راكان :-ههههههههههههههههههههههه n70
دانه :- هههههههههههههههههههه اعرفك تحبه
راكان :-ماعندي وقت اغير في الجوالات هو يتصل ويرسل خلاص ينفع وبعدين تعودت عليه
دانه :-هههههههههههههههههههههههه عشان كذا انا محترمه نفسي وشريته لك
قال بحب :-تسلمين قلبووووووووووووو
وغمز لها وهمس لها بكلام
"
26,main,Hindawi_133,75241938,"«يِدِّي الْحَلَقْ لِلِّي بَلَا وْدَانْ» يدي: يعطي. والودان (بكسر الأول): الآذان. يُضرَب لمن ينال شيئًا لا حاجة به إليه، ويُحْرَم مستحقه منه. وفي معناه ما ذكره البلوي في رحلته «تاج المفرق في تحلية علماء المشرق.» قال: مدح أبو الحسن بن
"
26,snippet_same_author_diff_doc_dev_out,Hindawi_133,69073918,"الكتيبة: (اللسان ج٢ أواخر ص١٩٥) الكتيبة: ما جمع فلم ينتشر، وقيل هي الجماعة المستحيزة من الخيل؛ أي في حيز على حِدَة، وقيل: الكتيبة جماعة الخيل إذا أغارت من المائة إلى الألف، والكتيبة: الجيش، وفي حديث السَّقِيفة: نحن أنصار الله وكتيبة
"
26,snippet_same_author_diff_doc_dev_in,Hindawi_133,93047907,"(١٤٠)
ريحة البر ولا عدمه، وذُكر في: ريح، والبر، هنا معروف.
الكنايات:
(١)
انقطع سبحه، وذُكر في: سبح.
(٢)
ما يتلبسش عليه تياب، وذُكر في: توب.
(٣)
موش من توبه، وذُكر في: توب.
(٥) البلاغة
(٥-١) الجناس
(١)
أجود من
"
26,snippet_diff_author_diff_corpus_dev_in,Gumar_248,00311,"لنى ما ردت عليه وهي تحس إيدها بتنفصل من ثقله شالته ع الجهة الثانية وكل شوي تبدل بيدها عشان ما تتعب
صالح يطالع من طرف عينه باختلاس ااااه لنوو حبيبتي اش أسوي تعبت وربي تعبت منك شافها تتعثر بمشيتها مع
"
26,snippet_diff_author_same_corpus_dev_in,Hindawi_10,82857304,"مُنًى إن تكن حقًّا فتلك هي المُنى
وإلا فقد عِشْنا بها زمنًا رغدا
للثقافة منبعان: دِينٌ حافل بالرموز والأسرار، وخيالٌ يحلم بالجمال فيخلقه، وكلاهما انبثقا من لبنان فعمَّا البحار وما وراءها، أبصر اللبناني جبلًا قلق المجاز وبحرًا مكارًا لا يُؤخَذ
"
26,snippet_same_author_same_doc,Hindawi_133,75241938,"«يِقْتِلِ الْقَتِيلْ وِيِمْشِي فِي جَنَازْتُهْ» الجنازة قليلة الاستعمال عندهم إلا في نحو الأمثال، وأكثر ما يستعملون في معناها المَشْهَد. يُضرَب لمن بلغ في الدهاء مبلغًا عظيمًا.
«يِقِيمْ السِّطِيحَهْ وِيْهِدِّ الشَّمْخِ الْعَالِي» السطيحة: الشيء المسطوح. والشَّمْخ (بفتح فسكون): الشامخ؛ أي: الصرح
"
26,snippet_diff_author_same_corpus_dev_out,Hindawi_21,49386150,"– وإيه أخبار فؤادة؟
– فؤادة في الخيمة.
– فكرت أزورها لكن خفت يضربوني بالطوب.
– ليه يضربوكي؟
– إنت عارف ليه؟
– عشان غيرت أقوالك يا كوكب؟
– أيوه.
– كلنا بنغلط، المهم عدم الاستمرار في الخطأ.
– جلال
"
26,snippet_diff_author_diff_corpus_dev_out,Gumar_435,00533,"مرت سنه ونصف على أبطالنا
ماذا حدث خلال هذي السنه؟
انين خطبها هاني وتزوجته وسافرت معاه علشان يدرس أمور في علم النفس ويطور من معرفته ويصير من أفضل أطباء علم النفس
أما انين فراح تكمل دراستها وتأخذ الماجستير في إدارة
"
1,main,Hindawi_1,94868139,"– عرفة! الله يسامحه. قتل الجبلاوي، ثم أعطى الناظر سحره وذهب.
فقال حنش بحزن: كان من أولاد حارتنا الطيبين لكن الحظ خانه، كان يريد لكم ما أراد جبل وعرفة وقاسم، بل وأحسن مما أرادوا.
فحدجته المرأة بنظرة ارتياب، ثم قالت
"
1,snippet_diff_author_same_corpus_dev_out,Hindawi_37,19028174,"وعندما شاهدها عرفها، بل إنه يعلم بها منذ أن كان وأن كانت، فناداها بالحبيبة مريم، ونادته بسيدي ابن الإنسان، تعانقا عميقًا وطويلًا وجميلًا، نعم أحبها كما يحب رجل امرأة، فكلاهما بشر، هو رجل وهي امرأة، كلاهما ابن وبنت الإنسان، ويعرف
"
1,snippet_same_author_same_doc,Hindawi_1,94868139,"فركله في بطنه فسقط يتلوى. وانقضَّ عليه الرجال ففعلوا به ما فعلوه بزوجته ثم حملوا الجوالين خارجًا، ومضوا بهما نحو الخلاء. وما لبثت عواطف أن أُغمي عليها، ولكن بقي هو يعاني العذاب. إلى أين يسيرون بهما؟ وماذا أعدوا لهما من
"
1,snippet_same_author_diff_doc_dev_in,Hindawi_1,29179502,"– رصاص؟!
– غير معقول، ألم يصرحوا بالمظاهرة؟
– أسقطت من حسابك الغدر؟
– ولكن لا أرى جنودًا؟!
– حديقة الأزبكية معسكر هائل مكتظ بهم.
– لعلها فرقعة عجلة سيارة.
– لعلها.
أرهف أذنيه لما يدور حوله من دون أن
"
1,snippet_same_author_diff_doc_dev_out,Hindawi_1,39429258,"٤٧
واجتمع بعاشور ليلًا يونس السايس وجليل العالم. كانا واضحي القلق، وقال شيخ الحارة: المأمول ألَّا يقع ما يقتضي تدخُّل الشرطة.
فقال عاشور في استياء: كم من جرائم ارتُكبت تحت بصرك وكانت تقتضي تدخُّل الشرطة.
فقال الرجل بلهفة: معذرة، إنك
"
1,snippet_diff_author_same_corpus_dev_in,Hindawi_82,52849381,"############################################################
غسان بن جهضم وزوجته أم عقبة
كان غسان بن جهضم مفتونًا بحب ابنة عمه أم عقبة، وكانت من أجمل النساء وأحسنهن وأفضلهن خصالًا، فلما حضرته الوفاة جعل ينظر إليها ويبكي، ثم قال لها: إني منشدك أبياتًا أسألك فيها عما
"
1,snippet_diff_author_diff_corpus_dev_out,Gumar_20,00240,"ريوف:بسااافر
هند فاتحه عيونها:وين؟؟؟
ريوف:لهلي أمريكا
هند:هاااا قولي والله من صجك؟؟رايحه معك رايحه معك عساني لو اتعلق بجناح الطياره ههههههه
ريوف:والله فكره حلوة لا تذكره ولا هم يحزنون..
هند:ايوه انتي ما تعرفين ان انا ام افكار خطيره،، بعدين اذا رحتي
"
1,snippet_diff_author_diff_corpus_dev_in,Gumar_214,00269,"رغد وهي تلف الجهة الثانية وبصوت مليان نوم: بابا خلني نايمة بس شوي وبقوم
ابتسم على كلمتها وحب شوي يلعب عليها .. سعد: لاااا بسج نووم يلااا قومي وراج جامعة قوومي لااا تتأخرين على الإمتحان
رغد من سمعت سيرة الإمتحان
"
39,main,Gumar_496,01071,"وتلك الاوجاع العقيمه تنسفها خلف ظهرها بغفله عن كل شيء..
حركت اناملها بشعره بهدوء تعتقد بأنها مسايره بينما هو شيء داخلي عفوي بدأ يطل برأسه لها..
همس بخفوت لها..وشاعري نوعاً ما..\ البحر الاحمر سبب لونه ســهم جـــدّه ومن كثر عشقه
"
39,snippet_diff_author_diff_corpus_dev_in,Hindawi_32,61379142,"يقول الله تعالى: وَلَكُمْ فِي الْقِصَاصِ حَيَاةٌ.
(١)
بدأ الآية بقوله وَلَكُمْ، وهذا قَيْدٌ يجعل هذه الآية خاصة بالإنسانية المؤمنة التي تطلب كمالَها في الإيمان، وتلتمس في كمالها نظام النفس، وتُقرِّر نظام النفس بنظام الحياة؛ فإذا لم يكن هذا متحققًا
"
39,snippet_same_author_diff_doc_dev_in,Gumar_496,01072,"وبإذن الله سوف يأتيهم ذاك الطفل قريباً...
.
.
.
الأرصفه...صنعت للمنتظرين...!
..
.
الأرصفه...صنعت للمنتظرين...!
.
.
.
فتحت عينيها وبقت تنظر لـسقف وهي تشعر بـ أن الحمل متعب جداً لأنها بدأت تشعر بـحركته...
وضعت يدها عليه...وهي تردد أذكار
"
39,snippet_diff_author_same_corpus_dev_in,Gumar_69,00091,"منى :ول ول كلتوني وينكم يانيف وحمد تشوفون حريمكم شوي عروقهم بتنط
دانه وهنادي :ههههههههههههههههههههههههه
هنادي :محد مونسنا كثرك
منى بغرور :اي عشان تعرفون قيمتي
الكل :هههههههههههههههههههههههههههههه
بدينا سهرتنا وجلسنا نتفرج على الافلام والاكل شغال والشرب بعدها جاوا راكان وبندر
"
39,snippet_same_author_diff_doc_dev_out,Gumar_496,00604,"وتقللـيين احترامي بـتسكيرة الخط بوجهي ..
ومأكأنك تكلمين زوجك الي احترامه وتقديره واجب عليك..
.وش خليتي لـبنت الاربع طعش من الجهل وحركات المراهقات...؟
.
.
.
مراهقات يازوج الثلاث..
لـيس هناك مراهقاً سواك...
تذهب برحلة علاج
لتلك التي تضج حياة...
"
39,snippet_diff_author_same_corpus_dev_out,Gumar_20,00240,"ريوف كانت لابسه العباية الجديده وطالعه عليها شي ومتشيله بشيله لونها اخضر مزرق وحاطه لها كحل خفيف وقلوس وطالعه جنان ونعومة
رائد لما لقى ريوف داخله استغرب ليه وش جايبها!!
........
وصلوا المطار
رائد مش مصدق:بتسافر معي؟؟!!
بو راشد:ايوه ريوف
"
39,snippet_same_author_same_doc,Gumar_496,01071,"الجموح بهدوء \الله يوفقهم نجد بعد تستاهل كل خير...بس الله يستر من خوياك انت..!
غرق بضحكه \ ليش أن شاء الله..خرجين سجون مثلاً..!
آبعدت البرتقال لـتشد لها تفاحه وأخذت تقطعها ...
من ثم تمدها ليده...ليمد يده أيضاً...لكن ليعانق كفها با
"
39,snippet_diff_author_diff_corpus_dev_out,Hindawi_34,69242916,"لقد جَرَحَ هذا الرَّجلُ منها كبرياءَ الملكة وغِيرة الأنثى؛ فليكن انتقامُها إذلالًا لكبريائه ولرجولته في وقتٍ معًا، وكذلك كان تدبيرها؛ فقد وثب عليه غلمانها في الحمام فانهالوا على رأسه ضربًا بالقباقيب وهم ينزعون أنثييه، ليموت حين يموتُ وقد تحطَّمت كبرياؤه
"
27,main,Hindawi_160,94207318,"(٢٧)
بدأ الكاتب الفرنسي أندريه مالرو (١٩٠١–١٩٧٦) حياته بدراسة اللغات الشرقية، وقضى بعض الوقت في آسيا منتقدًا سلطات الاستعمار الفرنسي في الهند الصينية. وعند عودته إلى فرنسا نشَر روايته الأولى في ١٩٢٦، وتبِعَتها «الفاتحون» في ١٩٢٨، و«الطريق الملكي» في ١٩٣٠،
"
27,snippet_diff_author_same_corpus_dev_out,Hindawi_22,60929519,"فقال فؤاد متمتمًا: أنا سعيد بهذه الثقة.
وأضافت علية: ولكني لست أدري إذا كان ذلك التدخل يُجْدِي.
وجاشت نفس فؤاد إذ تأمَّل موقفه الجديد منها، أهذه الثقة أحب إليه أم أحلامه الأولى؟
وسألها: أحقًّا قد تخلَّف صدقي لقضاء شئون لا
"
27,snippet_same_author_diff_doc_dev_out,Hindawi_160,30491917,"ضغطتُ الصورة على اللوح بأسطوانةٍ مطاطية لطرد الجيوب الهوائية. بعد حوالي ٥ دقائق قفزَت الصورة من تلقاء نفسها. وجدتُها أكثر نقاءً واضحة التباين، وبدا وجه هايدي مضيئًا وقد أحاطت به ظلالٌ قاتمة، أضفَت عليه مسحةً من الغموض.
وضعتُ الصورة جانبًا
"
27,snippet_same_author_same_doc,Hindawi_160,94207318,"(٣٠)
وجدتُ مثالًا للغرائبية التي تنشأ عن وصف حدثٍ ما أو شخصٍ ما، واقعيَّين، دون تحديد المكان والزمان الواقعيَّين، في هذه السطور للفنان حسن فؤاد عن تجربة مشاركته في تمثيل وإخراج مسرحية صلاح حافظ التي قُدِّمَت على مسرح سجن الواحات
"
27,snippet_diff_author_diff_corpus_dev_out,Gumar_230,00292,"فيصل: طبعأ كل انسان تجيه مشاكل بحياته والمشاكل هذي ممكن تخرب علاقات بين بعض الناس,,ووو انتوا صارت لكم مشاكل كثيرر ويمكن ماتعرفون مصدرها. مثل الرسايل والصور والمكالمه باخر اليل.ووو اشياء كثير..
سلطان وهوة رافع حاجبه:.!!!!!ايه وانت شدراك.؟
فيصل: المشاكل هذي
"
27,snippet_diff_author_diff_corpus_dev_in,Gumar_214,01185,"أبو سعود: أوكي آخر وحده
أم سعود بضحكــة: هههه أوكي
.. في المستشفى ..
بعد ساعــة .. من التحاليل .. الدكتورة وهي تبتسم: ألف مبروك المدام حامل
سعود بفــرح : حامـــــــل !!
رنيم بفرح : يعني بصير أم !! سعوود
"
27,snippet_same_author_diff_doc_dev_in,Hindawi_160,39426136,"تساءلتُ في حيرة: أين؟
– لم أكن أظن أنكَ بهذا الغباء. إسرائيل طبعًا. هناك أكثر من مليون وربع مليون فلسطيني يتعطَّشون لقراءة كلمة باللغة العربية.
أشعلَت سيجارةً جديدة، ولاحظَت أن يدي ثابتة.
استطردَتْ: اكتب لنا تفويضًا، ونحن نتولى الأمر كله.
"
27,snippet_diff_author_same_corpus_dev_in,Hindawi_74,41728357,"فبهت المنصور حتى ظنَّ نفسه في حلم، فقال: «دعه وأخبرني بما تعرفه عنه.»
قال: «لا أتركه حتى تأمر بالقبض عليه.»
فقالت ريحانة: «أتركه؛ فإني قابضة عليه، وسوف يعجز عن الفرار مني.»
١ ابن الأثير والفخري.
الفصل الثامن والسبعون
############################################################
الخاتمة
فتركه
"
5,main,Hindawi_12,86206252,"نكتفي — بعد المطلع السابق — بذكر بعض أبياتها التي تعبر عن أهم نقلاتها، وحركاتها التصويرية والشعورية (ويستطيع القارئ أن يرجع إلى نَصِّها الكامل وشرحها الفني الوافي في كتاب الشاعر الدكتور عبده بدوي وزميليه «الأدب وروح العصر»، منشورات ذات السلاسل،
"
5,snippet_diff_author_diff_corpus_dev_in,Gumar_248,00668,"رميت شنطتي وأشيائي أول ما خذتني خالتي يلدا وتاله بالأحضان
وحشتوووني
يلدا بحب يا قلبي البيت مو حلو بدونكم
قلت بحيا والله إني من أول تمنيت أكون معكم
راكان مد راسه وأنا مالي سلام
ضحكت أنت أكثر واحد وحشتني وميرا
"
5,snippet_same_author_diff_doc_dev_in,Hindawi_12,52615163,"يتهم صلاح بحزنه ويدان على حزنه. وقد ناقش هذه القضية في سيرة حياته وكفاحه مع الشعر (حياتي في الشعر)، وأكد أنه شاعر متألم لا شاعر حزين، والواقع أن حزنه هو حزن جيله كله، الجيل الذي خرج من عباءة الرومانتيكية العربية،
"
5,snippet_same_author_diff_doc_dev_out,Hindawi_12,14904926,"قوبل ديواناه «الرمل (المنساب) من أوعية الفخار» (١٩٤٨م) و«خشخاش وذاكرة» (١٩٥٢م) بالترحيب الشديد، وكشفا عن شاعر «جرحه الواقع وراح يبحث عن الواقع.» وعرف زيف المجتمع وأرَّقه الشوق إلى الإنسانية الحقة. ومهما اختلف النقاد في تفسير أشعاره التي تحتمل تفسيراتٍ عديدة
"
5,snippet_diff_author_diff_corpus_dev_out,Gumar_483,00587,"ليث:انا ماجاااج مني الا الي تسببتيبه لحالج
ظلت تبكي ورافضه انها تقووم
عتاب:زييين خلاااص........ قومي ياقوووته وعاااودي بيها للمغاره السالفه وكاد فيها شي
ساعدت شوق البدور توقف وخذتها لجوا المغاره
قماد عاود للي كانو واقفين لجل يستلمو وقال لهم بالي
"
5,snippet_diff_author_same_corpus_dev_out,Hindawi_10,37520352,"وقد نشر لقاسم أمين كتاب ثالث سمي «كلمات لقاسم بك أمين»، ومن هذه الكلمات قوله: «إن الذي مدحك بما ليس فيك إنما هو مخاطب غيرك.»
تعصب أهل الدين، وغرور أهل العلم هما منشأ الخلاف الظاهر بين الدين والعلم، لا تكمُل
"
5,snippet_same_author_same_doc,Hindawi_12,86206252,"(٦) هما الشاعران عبد يغوث الحارثي، ومالك بن الريب التميمي اللذان سبقت الإشارة إليهما.
(٧) عن بيتٍ ورد في أحد أناشيد الجوقة، في مسرحية «أنتيجونا» لسوفوكليس.
(٨) عن حكمةٍ مشهورةٍ للفيلسوف الرياضي المتصوف باسكال (١٦٢٣–١٦٦٢م).
(٩)
كاليبان Caliban هو اسم وحش
"
5,snippet_diff_author_same_corpus_dev_in,Hindawi_56,39714175,"وفي إبَّان الساعة العاشرة، رأى روجر أنه مضطر لرؤية زوجته، فعاد إلى بيته محتجًّا بأنه قد نسي شيئًا، فدخل توًّا إلى حجرته وأخذ بيده رِزمة صغيرة مارًّا أمام غرفة زوجته التي لم يرَ فيها أحدًا سوى الخادمة، فسألها عن مرغريت
"
32,main,Gumar_169,00209,"ناصر/ياربي يساعدني عليك شكلي صدق بروح فيها منك...احاف بكرة ارجع البيت وتحطين لي رز بدون ماتسوينه ولا لحم بدون ماتطبخينه؟
هنوف/تصدق عجبتني الفكرة وشكلي بطبقها بالمستقبل..
ناصر/هنوف شدي حيلك خلصي بسرعة ورانا عرس..ولاناوية تتعمقين بثانوي لين اشيب..
هنوف/والله الصدق الصدق
"
32,snippet_diff_author_same_corpus_dev_out,Gumar_796,01047,"عبدالله:إيش رأيك نروح المستشفى إنتي من أيام ما على بعضك..
هزت رأسها بـ زين :بس ما اليوم..
إبتسم:براحتك..
ناظرته:عصر بروح المستشفى بنت عمي مربيه..
هز رأسه بـ زين وهو يشير لعينيه:من عيوني كم رنوم عندي..
رنيم بخجل:وحده..
غمز لها:وفديتها..
***
"
32,snippet_diff_author_same_corpus_dev_in,Gumar_12,00242,": طيب انتوا متعودين يجي احد ياخذكم غير السواق..
مدى اللي تعبت من اسألته: سلطان فيك شي ؟؟
سلطان: جاوبي اول..
مدى: لا..السواق او ضاري ..ما نروح مع غيرهم..
سلطان سكت وراح تفكيره بعيد..
مدى مستغربه اسألته: طيب وليه كل
"
32,snippet_same_author_same_doc,Gumar_169,00209,"سارة/نجود شوفيهم انا الكبيرة ماخلوني امسكه كثير,,,
فهد/والله حرام عليكم خلوه يرتاح شوي من جيتوا وانتوا قالبين عيشته؟
ام ناصر/خليهم يابو فيصل خليهم يتعودون عليه ويتعود عليهم من اللحين لاتحاول تحط بينهم حواجز,,
فهد باعتراض/أي بس مو كذا ياخالتي بيذبحونه..
"
32,snippet_diff_author_diff_corpus_dev_out,Hindawi_74,40915851,"وكانت الخالة العجوز واقفة، فلما قيل لها إنهم وجدوا طوماس ودلوها عليه، ضمته إلى صدرها وقبلته وتنشقت رائحته حتى تضايق هو، وسلمت على يوليان وألفونس، ثم تناولت يد أوباس فقبلتها وقالت له: «بقي علينا أمر لا يتم سرورنا إلا به.
"
32,snippet_diff_author_diff_corpus_dev_in,Hindawi_10,82857304,"أرى ماء وبي عطش شديد
ولكن لا سبيل إلى الورود
الحبل والدلو موجودان، ولكن الشمم العربي وإباء الإمارة يصيحان به: لا.
ولهذا لا نسمع إلا ترانيم عذبة هي صدى طبيعي لأغوار نفس يسدها حب الجمال، أو تنهدة نفس متألمة لا
"
32,snippet_same_author_diff_doc_dev_out,Gumar_169,00492,"تنهدت ودق جوالها...
وضحى/هذا بيت اهلك يمكن انها ام مشعل لانها تكلمني كل يوم,,,خل ارد عليها....
ردت وحطته سبيكر وهي مو قاصدة وسكت خالد..
ام مشعل/هلا وغلا بالغاية وزوجة الغالي وام الغالي..
وضحى مسوية مبتسمة وهي تناظر بخالد اللي يناظر
"
32,snippet_same_author_diff_doc_dev_in,Gumar_169,00207,"/////////////////////////////////////////////////////////////
فهد/كلمتني اليوم ..
سالم على التلفون/صدق!!وش قالت لك؟
فهد/هو انا بالاول دقيت لها مسج وبعدين كلمتني..
سالم/طيب وش صار؟
فهد/ماجبنا سيرة الموضوع...بس لهجتها كانت مطمنتيني..حسيت انها متلهفة لي مثل ماانا متلهف لها...
سالم/حلو..بس ياويلك ياسواد ليلك يافهد اذا خربتها
"
40,main,Gumar_796,00965,"رفع رأسه وناظر عمته ببتسامه:مشكوره عمتي..
مسحت على شعره:العفو,,يله سمي بالله وكـل..
هز عيسى رأسه وسمى بالله وأكــل
هزته من ثيابه ولف لها وهو مبتسم:ويش فيه..
برطمت:أنته قوول اليوم تستري(تشتري) لي حلاوه..
إبتسم:من عيوني بس تريدي حلاوه..
الفـي وهي تفكـر:أممممممم
"
40,snippet_same_author_same_doc,Gumar_796,00965,"تنهد وهو يناظره هالولد كل ماله ويذبل قدام عيونهم وهم ما قادرين يسووا له شئ
أما هو أشار لأخوه إلي لف له وهو يناظره بإستغراب
قال لأبو يوسف بهمس:بجيك بعد صلاه العشا أريد أكلمك فشئ..
هز رأسه بـ زين
,,,,,,,,,,,,,,,,,,,,,,,,,,,,,,,,,,,,,,,,,,,,,,,,,,
"
40,snippet_same_author_diff_doc_dev_in,Gumar_796,00967,"وأكمل بضيق:إنتي الله يهديك عصبتيبي هذي سواه تسويها وحده عاقله زين خبريني ما تسوي الشئ من رأسه,,
وأكمل بألم:لذي الدرجه ما تطيقيني تأكلي حبوب علشان ما تحملي مني هذا فعل وحده عاقله ودكتوره تريديني أفرح بهالشئ وأنتي ما فسرتي ليش
"
40,snippet_diff_author_diff_corpus_dev_out,Hindawi_99,96404636,"وأنا زعيم لك أننا نحمل في صدورنا أنفُس العبيد، لأن فلسفتنا الأخلاقية كلها قائمة على تنفيذ ما نُؤمَر به.
ونحن كذلك عبيد في فلسفتنا الاجتماعية، سواء في ذلك الأسرة بصفة خاصة والمجتمع كله بصفة عامة؛ فالأسرة عندنا قائمة — من
"
40,snippet_same_author_diff_doc_dev_out,Gumar_796,01047,"توجه الهجرس للخارج والإبتسامه على شفتيه أخيرا ستعود عشقي إلى أحضاني جوارس أنتظريني
يالله عفوك يوم تصفية الحساب ..
.. يوم حصاد لما زرعنا في السنين
يوم الحشر قرب ولا معنا زهاب ..
.. اليوم في الدنيا وبكرة راحلين
نجني
"
40,snippet_diff_author_diff_corpus_dev_in,Hindawi_37,86496931,"ولكن من محاسن فهمها أنها عَرفت أنني سوف أقوم بزيارة مُختار علي فحسب، ولا أرغب في رؤية أحدٍ غيره في فريق قرش.
– ولا صديقك؟
– نعم، ولا صديقي.
كانت الصافية تتكلم بصورة مستمرة، هي ليست عادتها، ولكن يبدو أنها
"
40,snippet_diff_author_same_corpus_dev_in,Gumar_214,01185,"أبو سعود: الله يرضى عليك .. ويسعدكم ويهنيكم .. يلاا روحوا لاا تتأخرون على الطيارة
باست دلال أبوها على راسه وحضنته .. وأحمد بـ المثل .. وبعدها طلعوا وتوجهوا للمطار ..
أما أم سعود .. فكانت مترددة .. تدخل أو
"
40,snippet_diff_author_same_corpus_dev_out,Gumar_425,00509,"فكرت بروآن صديقتهآاللي أستحوذت على كل حياتها بغمضة عين
(معقوله يبعدني عنهآ بعد اللي صار ؟!مستحل اسمح له بهذا الشي هو فرض وجوده بحياتي غصب عني وبدون رآضي وأنآ راح أفرض عليه علاقتي مع روان سوآ رضآ أو مآرضى ماعلي
"
34,main,Gumar_230,00336,"أبتسم جرااح على كلاام رايـــد..
ــــــــــــــــــ
فــي غـرفــه العملياات
دكتور جااك بتوتر: قيف مي <<عطيني ... المشررط..
............المقص..
دااامت العمليه 4 سااااااااعاااااااات وأنـــــــــتـــهت بـــــــــنجــــــااااح
دكتور جااك: مبروووك دكتور أنسس""وتصافحوا""
وبشروا أهله بنجاااااااح العمليه والــــــكــل انبسسسسسسط ويبوسوون بعض والبسسمه رررجعت لهم
"
34,snippet_diff_author_diff_corpus_dev_in,Hindawi_160,20916382,"تابعت ذات البث بذهن مشتَّت، استعاد قوة تركيزه عندما روت منال نبأ الحذاء الذي اشتراه لها الدكتور فريش في علبة أنيقة من الشامواه بأربعمائة جنيه. لم تكن هذه سوى بداية، تلتها الست عايدة بولاعة من الذهب الخالص (ماركة ديبون ومزوَّدة
"
34,snippet_same_author_diff_doc_dev_in,Gumar_230,00497,"دخلت منال ..
اسراء وشهد مع بعض :. هلا والله هههههههههههههه
اسراء:.مرت اخويا
شهد :. طيب احلفي
اسراء:. والله
دخلت ام حازم وبناتها ..
اسراء اول ماشافتهم :. هلا والله بمرت عمي
شهد :. وبنات عمي
اسراء:. ومرت ولد عمي
"
34,snippet_same_author_diff_doc_dev_out,Gumar_230,00292,"غدير بتردد واضح: ملاااك..
ملاك: عيونه امريني.؟
غدير: تسلم العيون وراعيتها..
ملاك: ههههههههههه
عدير: ابيك تجين عندنا الحين فيه شي لازم تعرفينه..
فيصل الي كان متابع المكالمه بصمت..
ملاك: الحيين.!!!!!!
غدير: ايييه الحين اذا ماعندك مانع ترا الشي حييييل مهم..
"
34,snippet_diff_author_diff_corpus_dev_out,Hindawi_72,80940683,"وكان قسط الفنون من هذه الحرية على حسب حاجتها إلى الصراحة من جهة، وعلى حسب الخطر منها على ذوي السلطة من جهة أخرى.
فكان الجهاد في سبيل حرية القلم أظهر من الجهاد في سبيل حرية الريشة والإزميل، وكان سبقها إلى
"
34,snippet_diff_author_same_corpus_dev_out,Gumar_169,00492,"ياسمين/منهي!!!!
نواف/امه؟
ياسمين/لا
نواف/هي التقت بولدها وانتوا ماقلتوا لي ولاكلمته بالتلفون؟
ياسمين/لا....احنا لاشفناها ولاعمرنا سمعنا صوتها حتى....
نواف/ولا اذا طلع مع مشعل تكون التقت فيه..
ياسمين/مستحيل كان مشعل قال لنا....
تنهد نواف وسكت...
ياسمين بتردد/انت ماتبيه يشوف امه يانواف؟
نواف
"
34,snippet_same_author_same_doc,Gumar_230,00336,"كششف حااله لوورنس وأخذ الورقه الي على مؤخرره السرير يقيم حاالته وأبـــــد ماعجبته واضح ذلك من علامات وجهه
جااك: بسرررعه دكتور أنس جهزز غررفه العملياات قبل فواات الاواان..
دكتور انس:حاااضر دكتور جااك....ورااح للنيررس جهزوا غرفه العملياات ودخل لوورنــس فيهاا.
ـــــــــ
"
34,snippet_diff_author_same_corpus_dev_in,Gumar_214,00825,"ثامر بإبتسامة: إذنج معاج
.. في بيت أبو جاسم .. توها طالعة من الحمام ماخذه شاور .. سمعت صوت تلفونها يرن .. سحبته وجافت ""حبي يتصل بك"" .. ابتسمت وهي ترد .. منى: هلاا والله
مبارك بـ صوت هادي: هلاا
"
10,main,Hindawi_34,15250496,"… وعلى حين غفلة انطلقت زمارة الإنذار تدعوها إلى الرحيل …!
وعادت الأسرة إلى القرية التي هجرتها منذ بضع عشرة سنة تلتمس حياة جديدة بين أنوار المدينة. لقد هجروا القرية يوم هجروها أربعة نفر، وعادوا إليها ثلاثة، وخلفوا رابعهم هنالك
"
10,snippet_diff_author_same_corpus_dev_in,Hindawi_48,91397502,"وكان أبوها مفتونًا بها، كان يعاملها وهي في العشرين كما لو كانت طفلة في الخامسة أو السادسة، يشتري لها طرف الطعام وتُحف اللباس، ولم يكن عاقلًا في ذلك؛ إذ كان يجب عليه أن يسعى لزواجها قبل موته، ولكنه لم يفعل.
"
10,snippet_same_author_same_doc,Hindawi_34,15250496,"وراشت راجيةُ آخرَ سهم في كنانتها؛ فاصطنعت العزم والقوة، وتماسكت من ضعف ورخاوة، وقالت: «ولكن، يا أبي، إن للوطن عليَّ حقًّا يقتضيني الوفاء. ليس من المروءة أن أفرَّ والوطن يدعوني إليه … ينبغي أن أبقى لأقوم بواجبي في التمريض والإسعاف
"
10,snippet_diff_author_same_corpus_dev_out,Hindawi_21,49386150,"– وإيه أخبار فؤادة؟
– فؤادة في الخيمة.
– فكرت أزورها لكن خفت يضربوني بالطوب.
– ليه يضربوكي؟
– إنت عارف ليه؟
– عشان غيرت أقوالك يا كوكب؟
– أيوه.
– كلنا بنغلط، المهم عدم الاستمرار في الخطأ.
– جلال
"
10,snippet_same_author_diff_doc_dev_in,Hindawi_34,14035374,"– وأيقنتَ من صِدقِ ذلك كله يا عتيبة؟
– ورأيتُ بعينيَّ من دلائِل اليقين.
– وحدَّثَكَ البطريق بخبره كله؟
– وحدَّثَني بكل ما كان من قبل ومن بعد!
– وعرفتَ خئولتك فردًا فردًا؟
– وعرفتُ خئولتي جميعًا إلا فردًا …
"
10,snippet_diff_author_diff_corpus_dev_out,Gumar_20,00240,"بعدين خذت ريوف اغراضها وطلعوا من الفندق خلاص
متجهين الى بيت داوود عبد الله
كانت ريوف بالتاكسي وجنبها رائد وهي حاسه بخوف من هالخطوه اللي بتقدم عليها
رائد:ريوف خايفه؟؟
ريوف تهز راسها بمعنى ايوه
رائد التفت لها:معليش حبيبي بلاش الخوف
"
10,snippet_diff_author_diff_corpus_dev_in,Gumar_12,00242,"اريام: لا حول الله...
مدى: حسبي الله ونعم الوكيل ...يرضي نفسه على حساب بنت صغيره الوسخ..
دانا: بليز ابي اساعدها ..اشواق تعاني لحالها..وانا كنت اضغط عليها وانا ماني عارفه...كنت اقولها تغيري ..كانت تقول ما اقدر غصب عني..
اريام: اكيد اخفت
"
10,snippet_same_author_diff_doc_dev_out,Hindawi_34,69242916,"لقد جَرَحَ هذا الرَّجلُ منها كبرياءَ الملكة وغِيرة الأنثى؛ فليكن انتقامُها إذلالًا لكبريائه ولرجولته في وقتٍ معًا، وكذلك كان تدبيرها؛ فقد وثب عليه غلمانها في الحمام فانهالوا على رأسه ضربًا بالقباقيب وهم ينزعون أنثييه، ليموت حين يموتُ وقد تحطَّمت كبرياؤه
"
37,main,Gumar_435,00655,"غصون:بس انا وصلتني رساله وقالت لي انه هناك
حصين:ما تحسين انه مكيده
غصون وهي توقف: مكيده ليه شايفينا في لاس فيغاس وبعدين من ممكن يكيد لي
حصين:يمكن احد حاقد على معاذ
غصون وهي تلف وجهها:بس هذا ما يبرئه
حصين اللي
"
37,snippet_same_author_same_doc,Gumar_435,00655,"حصين:غصون بغيتك بكلمة رأس
غصون بابتسامه:إن شاء الله
قامت معاه
دخلت غرفة المكتب وجلست قدام حصين:خير أمرني
حصين :اصبري
فع جواله واتصل وكلم وبعد ثواني نزل الجوال وهو ساكت
غصون بخوف:وش فيك يا حصين قول وش بغيت مني
حصين:اصبري شوي
"
37,snippet_same_author_diff_doc_dev_out,Gumar_435,00533,"العنود:لا تقول لإخواني الله يخليك
مصعب:انا ما راح أقول غير انسي السالفه هذي وحلا رشحتك لي وآنا الصراحه انعجبت فيك كثير من كلام حلا عنك وانعجبت أكثر لما عرفت انك حولتي منازل علشان تديرين أبوك وتنتبهين عليه واللي يسوي كذا
"
37,snippet_same_author_diff_doc_dev_in,Gumar_435,00656,"مقعد وهو ماسك يدها ويرسم فيها قلوب همس لها:ترى بيجيك تشنج من التصلب
امجاد ساكته ولحد الحين وجهها محمر من حركته ودقات قلبها سريعه
مقعد بهمس:ترى بيغمى عليك وبعدها بلحقك
امجاد وهي تتخيل مقعد يغمى عليه ابتسمت بخفه
مقعد بهمس:كذا
"
37,snippet_diff_author_diff_corpus_dev_in,Hindawi_94,91847183,"مثل هذه الحياة الاقتصادية التي تقضي على أهل شبه الجزيرة بالعزلة والتجوال، وتحتم عليهم مواصلة العمل لكسب الرزق، ولا تيسر إنشاء المدن الكبيرة، ليس في طبيعتها أن تقرَّ حضارة ثابتة القواعد باقية الأثر؛ ذلك بأن الحضارة ثمرة من ثمرات الاجتماع
"
37,snippet_diff_author_diff_corpus_dev_out,Hindawi_82,79405794,"لَزَادَكُمْ الْقَوْمُ خِزْيًا وعَارَا
وقال أبو تمام:
لَوْلَا الظَّلَامُ وَعِلَّةٌ عَلَقُوا بِهَا
بَاتَتْ رِقَابُهُمْ بِغَيْرِ قِلَالِ
فَلْيَشْكُرُوا جُنْحَ الظَّلَامِ ودرودًا
فَهُمْ لِدَرُودِ وَالظَّلَامِ موَال
الفارُّ في وقت الفرار والثابت في وقت الثبات
قال النحاسي: أنا شجاع إذا ما أمكنتني فرصة،
"
37,snippet_diff_author_same_corpus_dev_in,Gumar_214,00825,"ابتسمت وهي تهز راسها وقلبها يدق بـ قوة وفي نفسها ""واخيراً بجوف أمي آآه وقسم واحشني حضنج الحنون يا يمه إلي إنحرمت منه ثلااث سنين .. الحمد الله يا ربي إلي رجعتني لها الحمد الله"" .. حطت المفتاح في قفل
"
37,snippet_diff_author_same_corpus_dev_out,Gumar_496,00604,"يكون بمعلومك يابنت مناف...!!
شدد على الحروف \لآتحطين براسك أن انا مخـبي الموضوع لـخوف او انه غلط ومايـجوز...
ماخبيته لـهذي الاسباب ومستحيل اخبيه ...
شـفت انك بعقل الاربع طعش ب الـغيره...
قلت آسايرك وخاصة انك حامل ومابيك تتعبين..
لكن توصل
"
28,main,Gumar_12,00242,": طيب انتوا متعودين يجي احد ياخذكم غير السواق..
مدى اللي تعبت من اسألته: سلطان فيك شي ؟؟
سلطان: جاوبي اول..
مدى: لا..السواق او ضاري ..ما نروح مع غيرهم..
سلطان سكت وراح تفكيره بعيد..
مدى مستغربه اسألته: طيب وليه كل
"
28,snippet_diff_author_same_corpus_dev_out,Gumar_230,00292,"طلع الدكتور وتلرك وراه اسره محطمه كليأ.
من الصدمه بدت تضرب راسها بالجداار وتصارخ وتبكي.: كان معاذ اقرب واحد لها وسحبها لحضنه مايدري شلوون تجرأ بس هو بموقف مجبر يهديهم..
&&&&&&&&&&&&&&&&&&&&&&&&&&&&&&&&&&&&&&&
• بعد مرور شهر *
كانوا جالسين بالحديقه للقصر.
"
28,snippet_diff_author_same_corpus_dev_in,Gumar_425,00507,"شوق تضربهآ على راسها : قومي يالله الولد بالمجلس بيشوفك
شهد كشرت : ياربي ويش البلوى ذي .. مايب ورى بعض ماااابي
شوق تدفها بالكرسي : بنوديك له كذآ
شهد توقف : لا خلاص بس لحظة بشوف شكلي
ريماس توقف
"
28,snippet_same_author_diff_doc_dev_out,Gumar_12,00016,"مها: ومن بعد هذا الحادث صارت كذا...
ريم: ايوه تحس ان الدلع والهدوء ضعف وانه ما يمشي بالزمن هذا الا القوي واللي الناس تهابه..ترى هي قويه من برى بس لكن من داخل هشه بسرعه تنكسر وكمان تبكي من داخل لان
"
28,snippet_diff_author_diff_corpus_dev_out,Hindawi_85,72518646,"كما قد يرجع سببُ الاضطهاد إلى إنجاب هاجر وعقم سارة، كذلك فقد يكون لون جلد البشرة ودلالته الطبقية سببًا لاضطهاد الزوجة وابنها، كما في سير وملاحم الهلالية وعنترة؛ حيث إن كلا من أبي زيد الهلالي، وعنترة٣٢ ولد على غير لون
"
28,snippet_same_author_same_doc,Gumar_12,00242,"&&&&&&&&&&&&&&&&&&&&&&&&&&&&&&&&&&
في اليوم الثاني..
وبالتحديد في الشركه..
دخل سلطان مع ضاري...كان الكل يوقف لضاري ويحترمه وهو في المقابل يحترمهم ومتواضع معاهم..
واخيرا وصل مكتبه..
: وهذا مكتبك يا سلطان..
سلطان ابتسم وهو يشوفه وجلس عليه..
: حلووو..مشكور ضاري..
ضاري: على
"
28,snippet_diff_author_diff_corpus_dev_in,Hindawi_7,86491805,"فقام خيري غير محتاج إلى دليل، فلم يكن بالبيت إلا حجرة أخرى، ففتحها ثم تولاه ذهول، وصاح: دولت؟!
ونظرت إليه دولت مشدوهة كأنما مسها صاعق، ثم سارعت تضع يديها كلتيهما على وجهها، وارتمت على الأريكة تبكي في خزي وألم.
وترك
"
28,snippet_same_author_diff_doc_dev_in,Gumar_12,00017,"ملاك ابتسمت لها: انا فهمت عليك..بحاول اسوي اللي قلتيه لي واشوف..مشكوره يا قلبي على النصيحه...صدقيني كنت محتاره وماني عارفه وش اسوي...
رغد ابتسمت: ولو يا ملاك..واذا احتجتي أي شي تذكري دايم ان اختك رغد موجوده..
ملاك: تسلمين..
عبير: وش تقولين
"
19,main,Hindawi_74,29513059,"فشاع الخبر في الفندق — وكان الباشا وعائلته قد عرفوا بمجيء عزيز من بخيت. وهذا لم يكن لديه يوم أكثر سعادة من ذلك اليوم — فلما سمعوا بمرضه تراكضوا لمشاهدته، فلم يأذن الأطباء بالدخول، بدعوى أن المريض في حالة لا
"
19,snippet_same_author_same_doc,Hindawi_74,29513059,"ولما كان الضحى جاءهم خادم الفندق أن يسيروا إلى غرفة عزيز، فإذا هو في السرير وقد صفا لون بشرته، فدخل شفيق والباشا، فقال لهما: ألا يأذن لي سيدي بنظرة أزودها قبل الممات من تلك العذراء الطاهرة، ولو من وراء اللثام؛
"
19,snippet_same_author_diff_doc_dev_out,Hindawi_74,40915851,"لا يخفى على مولاي الميتروبوليت ما قاساه اليهود في إسبانيا من ظلم حكامهم القوط من صنوف الاضطهاد والجور حتى أجبروهم أخيرًا على النصرانية أو الرحيل من بلادهم، فكان منهم من رحل ومنهم من تظاهر بالنصرانية وبقي في البلاد يسعى في
"
19,snippet_diff_author_same_corpus_dev_in,Hindawi_37,26020959,"حملة الماء والطعام والدنبا على ظهور حمر الوحش أوزو لوما باييخي.
وإذا اشتعلت الحرب لا بد ممن لهم صلة بالرب المستضيف لأرواح الأسلاف، من يطلبون النصرة لجيش «لالا»، بقلب وأكف وصوت برم بجيل الصالح.
شاوندو، المائحين،
الحرب شر، ولكن أن
"
19,snippet_diff_author_diff_corpus_dev_out,Gumar_248,00669,"ضحكت سارا الله معك
ربى تناظر الغرفة سروي غرفتك تدفي
ابتسمت أكيد مو مثل دفى طلال
ضربتها بخفه وإحراج حمـ###
ضحكت يمكن عشان ألوانها تدرين ألوان الأحمر.. الأورنج مع البني ع قولتك تدفي لأنها ألوان حاره
لفتت نظرها المكتبة الخشبية
"
19,snippet_diff_author_same_corpus_dev_out,Hindawi_85,72518646,"ولما كانت «أفروديت الأجنبية» هذه التي تحدث عنها هرودوت، هي في منشئها الأصلي إلهة الحب والحرب السامية «عشتر» أو «العشتروت» التي توارثها الساميون — من بابليين وآشوريين — وعنهم أخذها الهلينيون وسموها أفروديت، وفي أرجوس كان يضحى بالخنازير لأفروديت إشارة
"
19,snippet_same_author_diff_doc_dev_in,Hindawi_74,59429042,"فقال لهُ: «إليَّ يا غلام».
فحالما رأى الغلام العمامة الحجازية خاف وأسرع نحوه.
فقال لهُ: «لمن هذا الفرس؟»
قال: «هو للأمير فلان».
قال: «ومتى اقتناه».
قال: «أول البارحة».
قال: «وممن اشتراه».
قال: «من بعض الرهبان عرضهُ للبيع في سوق الأربعاء».
"
19,snippet_diff_author_diff_corpus_dev_in,Gumar_425,00510,"شوق حضنتهآ وربتت على ظهرها: لآتخافين حبيبتي صدقيني هو ابوها ماراح يضرها ابد .. يمكن اشتاق لهآ مهمآ كآن هذي بنته قطعه منه
هنآدي تتمسك فيها: لا عيونه تقول بيأخذهآ .. بيبعدهآ عني خلوه يأخذ روحي بس تبقى فرح معي
"
23,main,Hindawi_99,63970751,"رُبَّ لَحْدٍ قد صار لحدًا مرارًا
ضاحكٍ من تزاحم الأضداد
لكنني وسَّعت من الدائرة لأضيف البيوت إلى اللحود في تزاحم الأضداد بين جدرانها …
فقاطعته قائلًا: إن في حديثك هذا رنَّة من تشاؤم الأحدب؛ فلقد سمعته مرةً يقول: إن رباط
"
23,snippet_same_author_same_doc,Hindawi_99,63970751,"إن مَن لا يعرف من الناس ثالوثنا في تبايُنه تباينًا تتكامل فيه الأجزاء، يدهشه أن يرى تلك النفس جادةً غاية الجد بعد أن رآها عابثة كل العبث، أو أن يراها عابثة بعد أن رآها جادة، يدهشه أن يراها وكأنها قلب
"
23,snippet_diff_author_same_corpus_dev_in,Hindawi_160,39426136,"– لأنكِ لا تُحبين إلا نفسكِ.
قالت هازئة: كيف عرفتَ؟ أنا فعلًا أحب جسمي.
– أنا أتكلَّم جادًّا. أنت تأخذين فقط، أتحدَّاكِ أن تذكري مرةً واحدة أعطيتِ فيها.
ابتسمَت وأومأت بذَقنها إلى الأريكة وهي تقول: كثير. معك مثلًا.
قلت: معي،
"
23,snippet_diff_author_diff_corpus_dev_out,Gumar_169,00492,"ام تركي/وش فيها حالته بالله!!!
تركي/يبي ياخذ وحدة من بنات الفالح بنت جيرانا؟
ام تركي بحدة/لا.....
عبدالله بانكسار/ليه يمه...
ام تركي/يمه...ماتناسبنا باي شي....انا شايفة بناتهم اكثر من مرة...هذولا غير عنا....وان شاءالله منهي فيهم اللي حضرتك تبيها...غدير ولاعبير؟
تركي بشماتة/ليش منو
"
23,snippet_same_author_diff_doc_dev_in,Hindawi_99,30715961,"فرغ ناقدنا ذو القوة الخارقة من نظرتَين؛ فرغ من التحليل اللغوي، ثم أعاد النظر حتى فرغ من ربط العمل بسيرة مؤلفه، واضعًا تلك السيرة في عصرها، وفي موضعها من التاريخ الأدبي، فهل ثَمَّةَ مانعٌ يمنعه — إذا بَقِيَت له بقيةٌ
"
23,snippet_same_author_diff_doc_dev_out,Hindawi_99,96404636,"أراد المصري الكبير أن يكون كبيرًا — مع أنه كبير — فاتَّخذ لغايته سبيلًا يعرفها علم النفس ودارِسوه، ألا وهي اصطناع القوة ليمْتاز من سائر الناس، ولا شك أن من دواعي القوة أن يُسلِّم عليك الناس فلا تأبَه للناس! وهذا
"
23,snippet_diff_author_diff_corpus_dev_in,Gumar_20,00029,"همست بدلع :-احلف
راكان بملامح عناد :-تتحدين
دانه وهي تغمز :-ايه
*_^
*
*
انتشر خبر رجعه راكان في العايله وكانت صدمه عظيمه ..
قد سمعتوا بميت يعود!!!!
اذا لا فالجواب (ان الله على كل شي قدير)
عمت الافراح بيوتهم
"
23,snippet_diff_author_same_corpus_dev_out,Hindawi_7,46851305,"وفكر لطيف هنيهة ثم قال للعمدة: اذهب أنت إلى البلد وغدًا ستكون ابنتك عندك، كنت مسافرًا الآن، ولكنني سأؤجل سفري للمساء حتى أنهي هذه المسألة.
وراح العمدة يدعو للطيف بك، وخرج من عنده ليس في نفسه أمل إلا هذا الذي
"
30,main,Gumar_44,00057,"دلال .. انااام احسن لي من اشووف نهااايتي كيف ..
انجود .. يعني الحين تشوفين نهااية كل فلم الا نهاايتك ..
دلال .. بشووفها لامت هع ..
وهي تقووم انجود وتجلس جنب داود وهو يضحك معها ويسوالف معها ..
هنا
"
30,snippet_diff_author_diff_corpus_dev_out,Hindawi_48,50539692,"أجل يا سادتي، لقد كنت أقرأ له بعض الأحايين مقالات عن القطن المصري، أو العامل المصري، والتعطل المصري، فيعتريني دوار، يعتريني شيء كمن عاش في حلم فأفاق على حقيقته، فأقتطع المقال، وقد خُيِّل إليَّ أن عليه أثر العرق والتعب والدموع،
"
30,snippet_diff_author_same_corpus_dev_in,Gumar_435,00655,"الجد وصالح طالعوه بعصبيه
الجد وهو يوقف:وصلت فيك المواصيل تعايرنا يا صافي
صافي وهو يلف وجهه:انا قلت لكم كله إلا عيالي
صالح وهو يوقف:بيت مثل هذا ما يندخل
صافي:ما غصبت احد يدخل بيتي يا صالح واللي ما يشرفه عيالي ولا
"
30,snippet_same_author_diff_doc_dev_in,Gumar_44,00569,"-------------------------------
الساعه 11 ..
بالسجن :
تطرق الباب ليلى ومالها خلق لثامر اللي غثها طول الاسبوع ..
وتفتح الباب بعد ما اسمعت صوته يطلب منها الدخول ..
ليلى : السلام عليكم .
ثامر : وعليكم السلام والرحمه ..
ليلى :
"
30,snippet_diff_author_same_corpus_dev_out,Gumar_796,01047,"إبتسمت أم جواهر:الحمدلله ولدت وجابت بنت..
تنهدت براحه والتفتت لليقظان:أختي جابت بنوته..
إبتسم اليقظان:ألف مبروك يأبو المنذر..
فهر ببتسامه:الله يبارك فيك وعقبالك..
إلتفت اليقظان لجوارس:سمعتي عقبالي..
صدت عنه:ابا أكمل دراستي..
ضحك الجميع فجوارس واليقظان لا زالا يتقاتلان على هالنقطه من
"
30,snippet_same_author_diff_doc_dev_out,Gumar_44,00570,"فهد : خلاص يالولوه انا تغيرت متى تحنين علي وعلى طفلي وطفلك .. حرام تحرميني منه وتعذبين نفسك عطيني فرصه ثانيه وش بتخسرين ..!.
لولوه بعنف : بالاول خسرت شرفي واهانتي وكرامتي .. تبغاني اعطيك فرصه ثانيه علشان تذبحني وتذبح
"
30,snippet_diff_author_diff_corpus_dev_in,Hindawi_85,74636907,"١ انظر «صراع الطعام».
٢ من ملوك البترول ومشايخه.
############################################################
كلمة أخيرة
ترددت لفترة في إصدار وجهة نظر، أو كلمة أخيرة، يمكن أن تحيط هذه المجموعة من الدراسات النظرية حول تراثنا الفولكلوري والأسطوري المعاش اليوم، والذي عن طريقه تتكيف معاملاتنا وحركتنا ومُثلنا
"
30,snippet_same_author_same_doc,Gumar_44,00057,"لكن يبقى يا انجود الصمت هوو الحل لكل انساان .. في صمتك كلام لسه ما ترجمته وانتي متي قبل لاسمعه..
انجود .. كنتي اخت وكنتي حب داود الاول المختنق .. لكن ما اقوول الا الله يرحمــــــــك ..
[ هوامش ]
"
21,main,Hindawi_85,74636907,"باختصار أكثر فإنه إذا ما كان لكل داء دواء، فإن دواءنا وشفاءنا هو في إعادة التدقيق في تراثنا وعاداتنا، في تركة الأسلاف الغيبية الطوطمية، وإعادة تعرفها — تَفْلِيَتِهَا — بنفس القدر والمعدل الذي حققه العالم المتقدم.
وطبعًا توصل العالم المتقدم،
"
21,snippet_diff_author_same_corpus_dev_in,Hindawi_26,92480708,"أرى أم صخر لا تملُّ عيادتي
وملت سُليمى مضجعي ومكاني
فأي امرئ ساوى بأمٍّ حليلةً
فلا عاش إلا في شقًا وهوانِ
أهمُّ بأمر الحزم لو أستطيعه
وقد حيل بين العَير والنزوان
وما كنت أخشى أن أكون جنازة
لديك ومن يغترُّ
"
21,snippet_same_author_diff_doc_dev_out,Hindawi_85,72518646,"ولما كانت «أفروديت الأجنبية» هذه التي تحدث عنها هرودوت، هي في منشئها الأصلي إلهة الحب والحرب السامية «عشتر» أو «العشتروت» التي توارثها الساميون — من بابليين وآشوريين — وعنهم أخذها الهلينيون وسموها أفروديت، وفي أرجوس كان يضحى بالخنازير لأفروديت إشارة
"
21,snippet_same_author_diff_doc_dev_in,Hindawi_85,64839393,"راح الولد عمل زي ما قالتلو، ولما رجعت العنقاء للبنت وجدتها بتعيط وتقطع في شعرها الطويل، وتقول: «أنا وحيدة، وحافضل طول عمري وحيدة.» العنقاء قالتلها: «طيب وإيه اللي أقدر أعمله.» البنت قالتلها: «عايزة جلد الحصان المرمي تحت الصجرة ده، يونسني
"
21,snippet_diff_author_diff_corpus_dev_out,Gumar_496,00604,"وآنفاسها الـمرتبكه والمتخبطه والبالغه حداً من الـتوتر لمـ يمر بها قبلٍ..
.
.
.
لـم
يرى فلك..
و
لآ
احد من طرف والداته سوى مناف...
الذي ظهر بخجل...وغآب بخجلٍ اكبر...
حتـى فلك....
خالته الـمحببه لـقلبه..
لـم يتصور قط ان لآتكون
"
21,snippet_diff_author_same_corpus_dev_out,Hindawi_34,69242916,"لقد جَرَحَ هذا الرَّجلُ منها كبرياءَ الملكة وغِيرة الأنثى؛ فليكن انتقامُها إذلالًا لكبريائه ولرجولته في وقتٍ معًا، وكذلك كان تدبيرها؛ فقد وثب عليه غلمانها في الحمام فانهالوا على رأسه ضربًا بالقباقيب وهم ينزعون أنثييه، ليموت حين يموتُ وقد تحطَّمت كبرياؤه
"
21,snippet_diff_author_diff_corpus_dev_in,Gumar_12,00242,"اياد نزل ولانا وراه...ورجعها لقصرهم اللي من دخلته طلعت غرفتها على طول..
>>>>>>>>>>>>>>>>>>>>>>>>>>>>>>>>>>>>>>>
بالغرفه الخارجيه..
على غير العاده ..كانوا ساكتين ..وسكوتهم غريب..
اريام: ايش عندكم !! اشوف الهدوء اليوم زايد..
مدى: وخصوصا على ابتهال ..فجأه نزل عليها الادب..
الثنتين سكاتين
"
21,snippet_same_author_same_doc,Hindawi_85,74636907,"وعن هذا الطريق يمكن تعريف الحضارات التي شهدها شرقنا الأوسط وتحديد معالم وخصائص كل منها؛ ذلك أن الحضارة كما يعرفها عالم ما قبل التاريخ جوردون تشايلد، تقوم على ما يستخلصه الإنسان من غذائه ومجتمعه الإنساني وكافة نواحي السلوك الإنساني، من
"
3,main,Hindawi_7,81709058,"واستطاع ممدوح بخبرة الطبيب العجوز أن يدرك ما يحاول فرغلي أن يخفيه من المرض، ولكنه لم يجرؤ أن يفاتحه ما دام هو لم يشأ أن يذكر شيئًا.
قليلًا ما صمت فرغلي، فقد طلب إلى ممدوح أن يأتي له بالدكتور أحمد
"
3,snippet_diff_author_diff_corpus_dev_in,Gumar_248,00668,"تاله وهي تبكي بطلع أشوفها
....!ّ لأخرجن من الدنيا وحبكم بين الجوانح لم يشعر به أحد....!ّ
بما أني مغطيه كنت متسندة ع الجدار أتأمله
سر إعجابي فيه وحبي له هو شكله الأكبر من سنه وقوته وصبره وشيله المسؤوليه ع ظهره
"
3,snippet_same_author_diff_doc_dev_out,Hindawi_7,46851305,"وفي الغرفة التي شهدت رفض العمدة لطلب الشيخ حسن يقول العمدة بعد أن استقر بهم المجلس: نعم يا فخري، هي لك، هي لك يا ابني دون أن تطلب.
ولكن فخري يقول كلامًا آخر يذهل له أبوه، فما كان هذا ما
"
3,snippet_same_author_diff_doc_dev_in,Hindawi_7,86491805,"– وما رأيك؟!
– لا علم لي بالعقود موضوع الاتهام، ولكني أعرف أن يسري بك لم يكن يقبل مليمًا حرامًا منذ دخل الشركة. وقد رفت السكرتير الذي كان يعمل معه قبلي لأنه قدم إليه عميلًا يريد أن يرشوه.
– أنت
"
3,snippet_same_author_same_doc,Hindawi_7,81709058,"•••
وفي العزاء حرص نديم أن يجلس إلى جانب معتز.
– طبعًا أبلغك سعد عن الحديث الذي دار بيننا.
– أقسم لك بحياة أبنائي أن صلتي بوالدتك …
– عرفتُ كل شيء، وأشكرك، وأعتذر لك ولسعد.
– شكرًا.
– وسيأتي
"
3,snippet_diff_author_same_corpus_dev_out,Hindawi_22,60929519,"فقال في نفسه: ألم أفكر في ذلك حقًّا؟
ثم قال لها باسمًا: ستبحث لي علية عن زوجة ترضاها.
فقالت الأم في نغمة عتاب: أتخطب لك دوني؟ وهل تعرفك علية أو غيرها كما أعرف ابني؟
فقام فؤاد فقبَّل رأسها ويديها قائلًا:
"
3,snippet_diff_author_diff_corpus_dev_out,Gumar_214,00270,"البنت: عطونا من مال الله .. الله يعطيكم ويزيد من حسنات ميزانكم
حمد وهو يطالعها مستغرب .. و يحس هالصوت مو غريب عليه .. طلع بوكه من جيبه ويطلع بيزات ..
مد يده علشان يعطيها .. بس شكلها شده ..
"
3,snippet_diff_author_same_corpus_dev_in,Hindawi_34,14035374,"قال الشيخ وربَّت كتفه: تلك خالتك يا بُني، توْءَمَة لأمِّك، وما كان اسم أمك سبيكة يوم ذَهَبَتْ، ولكني أوثر منذ اليوم أن يكون اسمها سبيكة … ليت شعري كيف صار اسم أختها «رُوديا» في بيت سيدها؟٢
قال الفتى: ومن تكون
"
29,main,Gumar_20,00028,"دانه وهي تحاول تبتسم :-حياهم الله
×
×
×
×
صحت نوف من النوم وغيرت ملابسها ونزلت للغداء لان عمها مرسل لها الشغاله تناديها
نزلت ولقت الكل جالس على الغداء والي قهرها ان الماس جالسه جنب سعود وهنادي بالطرف الثاني
"
29,snippet_diff_author_diff_corpus_dev_in,Hindawi_105,49741351,"وليس حديث المجالس إلا ما يقصون من كرامات العنز، وما شاهدوه من عجائب، وما رأوه من منامات، وما شفت من أمراض، وما أغنت من فقير، وما أولدت من عقيم.
وافتُتن الناس، وخشي بعض الحكام أن يذهب سلطانهم إلى العنز، فقد
"
29,snippet_same_author_diff_doc_dev_out,Gumar_20,00240,"بعدين خذت ريوف اغراضها وطلعوا من الفندق خلاص
متجهين الى بيت داوود عبد الله
كانت ريوف بالتاكسي وجنبها رائد وهي حاسه بخوف من هالخطوه اللي بتقدم عليها
رائد:ريوف خايفه؟؟
ريوف تهز راسها بمعنى ايوه
رائد التفت لها:معليش حبيبي بلاش الخوف
"
29,snippet_same_author_same_doc,Gumar_20,00028,"راكان (مسوي تعبان) :-قلبي يعورني
(غبي ما انتبهت للتناقض ماسك بطنه ويقول قلبي يعورني هههههههه)
دانه حالتها حاله :-ياويل قلبي اكلم طبيب
راكان :-لا
دانه:-طيب شسوي
راكان :-طيب اسأليني ليش يعورني
دانه شوي وتنهار :-لييييييييييييه
راكان :-لان حبيبة قلبي زعلانه
"
29,snippet_diff_author_same_corpus_dev_out,Gumar_169,00492,"ام تركي/وش فيها حالته بالله!!!
تركي/يبي ياخذ وحدة من بنات الفالح بنت جيرانا؟
ام تركي بحدة/لا.....
عبدالله بانكسار/ليه يمه...
ام تركي/يمه...ماتناسبنا باي شي....انا شايفة بناتهم اكثر من مرة...هذولا غير عنا....وان شاءالله منهي فيهم اللي حضرتك تبيها...غدير ولاعبير؟
تركي بشماتة/ليش منو
"
29,snippet_diff_author_same_corpus_dev_in,Gumar_435,00655,"سجيه باستغراب:كيف يعني
الجد:قصدي انا عندي عائله وإذا احد عرف إني متزوج جدتك راح ينهدم كل شي
سجيه:ما فهمت
الجد:يعني انسي انك عرفتيني أو إني زوج جدتك
سجيه اللي وقفت وبعصبيه:أنت تجحد معرفتك بجدتي الله يرحمها
الجد:الله يرحمها انا ما
"
29,snippet_diff_author_diff_corpus_dev_out,Hindawi_26,51519061,"ولا ننسَ النص على أن اهتمامه بمعارضة قصيدة كعب والإشارة إلى همزية حسان يدلُّ على سيرورةِ تلك القصائد، وقربِها من أذهان الناس، وعَدِّها من أصول المدائح النبوية.
وَلْنَنُصَّ أيضًا على أن جامع ديوان ابن نباتة رتَّبه على حروف المعجم، ورأى
"
29,snippet_same_author_diff_doc_dev_in,Gumar_20,00067,"وليد:والله مافكرت ولاعمري بفكرلين اخذ الضوء الاخضر من الغاليه..""راحوووا تفكيرهم لبعيد""
حمد:اووووووف الولد طايح ولاحد سم عليه..عاشق هاه...مين قووول ماراح نقول لاحد
ناصر:لا حمد اسمع بعد غاليه...والله ياوليد اثريك مو سهل...
نواف+وليد:ههههههههههههههههههههههههههههه....""نواف يعرف الغاليه""
حمد:تكلم وخل عنك الضحك لعطيك بووكس
"
24,main,Hindawi_105,49741351,"وليس حديث المجالس إلا ما يقصون من كرامات العنز، وما شاهدوه من عجائب، وما رأوه من منامات، وما شفت من أمراض، وما أغنت من فقير، وما أولدت من عقيم.
وافتُتن الناس، وخشي بعض الحكام أن يذهب سلطانهم إلى العنز، فقد
"
24,snippet_diff_author_diff_corpus_dev_in,Gumar_796,00966,"ولفت لكفاح:تصبح على خير..
إبتسم كفاح:وإنتوا من أهله..
وتوجه الإثنان للغرفه علشان يناموا
وكفاح يناظرهم ببتسامه رن تلفونه إبتسم وتوجه للخارج فسالم ينتظره
فـ مملكه الشرسه
تقلب أكثر من مره فالأخير جلس وهو يتعوذ من إبليس من بعد كلام مراد
"
24,snippet_same_author_same_doc,Hindawi_105,49741351,"وأشاع الشيخ هذا الخبر في سائر الخدم، وأوصاهم بإذاعته، فانتشر في حي السيدة ومنه إلى أحياء القاهرة، ومنها إلى الريف، وصارت العنز حديث الكبار والصغار، والعامة والخاصة، وكل من مرض استشفع بالعنز، وكل من له حاجة نذر للعنز.
وأكمل الشيخ
"
24,snippet_diff_author_same_corpus_dev_out,Hindawi_37,19028174,"كان هذا الصوت ليس غريبًا بالنسبة لأذنيها، وعندما اقترب منها، عبر ضوء النار الشحيح استطاعت أن تتبيَّن رجلًا شابًّا له لحية كبيرة ووجه مبتسم مستدير، شهقت وهي تهتف: المسيح ابن مريم.
ابتسم وهو يقول لها بأدب كبير، بأنه من خُلق
"
24,snippet_same_author_diff_doc_dev_out,Hindawi_105,59616186,"وعجز علماء الجمال فاكتفوا بقولهم: جميل وقبيح، مع أن هناك آلافًا من درجات الجمال، وآلافًا من درجات القبح، بل إنك لا تستطيع أن تُنْزل إنسانين في منزلة واحدة من الجمال والقبح، فلما أعياهم الأمر قنعوا بقبيح وجميل، واكتفوا بالإجمال عن
"
24,snippet_diff_author_diff_corpus_dev_out,Gumar_20,00240,"راشد:ما قصدي كذا
عبد الرحمن:قصدك ما قصدك خلاص مالي خص بحياتك تبي تحضر العرس احضره ما تبي براحتك انت حر
راشد:آسف
عبد الرحمن:ماله داعي الاعتذار،، ياخي وش فيها لو خسرت اعز انسان عشان شخص باعك وباع مشاعرك بارخص الاثمان،، صدقني
"
24,snippet_same_author_diff_doc_dev_in,Hindawi_105,59615307,"أن أدبنا إلى الآن أدب أرستقراطي، وأعني بأرستقراطيته أنه يُكتب ويؤلف للطبقة المتعلمة وحدها، وهم عدد قليل بالنسبة للأمة، أما أكثر الشعب فلا يقرأ ولا يكتب، إن كان يقرأ ويكتب ففرقٌ كبير بين لغته في البيت والشارع وحياته العامة وحياته
"
24,snippet_diff_author_same_corpus_dev_in,Hindawi_60,38697285,"والكتاب الجديد فيه ملامح أسلوب همنجواي المميز، سواء من ناحية اللغة أو المحتوى؛ ففيه ذكرُ باريس التي يعشقها الكاتب، وحديث عن عزرا باوند، والبيسبول، والشراب، والتأمل في الحياة، وهو يحتوي على معلومات مثيرة تخلط الواقع بالخيال، فلا يدري القارئ ولا
"
22,main,Hindawi_94,18175075,"انصرف الحظ الأوفر من تعاليم عصور الانحلال إلى الجانب المادي من الحياة وإلى تنظيمه، وإلى اعتبار هذا التنظيم من قواعد الإيمان، فكيف نسير، وكيف نستحم، وكيف نأكل، وكيف نشرب، وكيف نلبس، وما اللباس الحلال وما اللباس الحرام، وكيف نعاشر أزواجنا،
"
22,snippet_diff_author_same_corpus_dev_in,Hindawi_41,40204702,"وقام المتنبي إلى داره ومعه عبد العزيز، وأشرق عليهما الصباح حتى شرعا في إنفاذ خطتهما في دقة وإحكام، وكان المتنبي في غضون هذه المدة يروح ويجيء مطرقًا حزينًا يتمتم بكلمات، ثم يخرج من كمه ورقة ويدوِّن فيها ما تفيض به
"
22,snippet_diff_author_diff_corpus_dev_in,Gumar_435,00521,"عبدالمجيد:ها كلكم ركبتوا
سالم:ايه يا يبه
الجوهره :يبه راح القى ندى بنت عمتي الجوهره هناك
عبدالمجيد:ايه يا بابا راح تلقينها هناك
عبير ركبت وهي شايله بنتها منيره عمرها 5 أشهر:يله حبيبي
عبدالمجيد بابتسامه:يله
حركوا سيارتهم ومشوا
&&&&&&&&&&&&&&&
في بيت أم
"
22,snippet_diff_author_diff_corpus_dev_out,Gumar_169,00492,"ياسمين/منهي!!!!
نواف/امه؟
ياسمين/لا
نواف/هي التقت بولدها وانتوا ماقلتوا لي ولاكلمته بالتلفون؟
ياسمين/لا....احنا لاشفناها ولاعمرنا سمعنا صوتها حتى....
نواف/ولا اذا طلع مع مشعل تكون التقت فيه..
ياسمين/مستحيل كان مشعل قال لنا....
تنهد نواف وسكت...
ياسمين بتردد/انت ماتبيه يشوف امه يانواف؟
نواف
"
22,snippet_same_author_diff_doc_dev_in,Hindawi_94,30272028,"ولا أحسبني أبالغ حين أذكر أن العبرة بما يصيب الغير كلمة لا مدلول لها في الواقع، فنحن لا نعتبر إلا بما يصيب ذاتنا.
كانت لي أخت طفلة لما تبلغ عامها الثاني، وكانت بادية الذكاء منذ طفولتها، وكان أبي مغرمًا بها،
"
22,snippet_same_author_diff_doc_dev_out,Hindawi_94,28493759,"سارتا تتبع الأم ابنتها حتى وصلتا قريبًا من الموردة، ثم وقفت زينب مرة واحدة وعلاها شيء من التردد رأته أمها على وجهها، فوقفت هي الأخرى، ولم تقل شيئًا. ثم مشت لما مشت ابنتها حتى الموردة، ثم انعطفتا إلى اليسار، فلما
"
22,snippet_diff_author_same_corpus_dev_out,Hindawi_48,50539692,"أجل يا سادتي، لقد كنت أقرأ له بعض الأحايين مقالات عن القطن المصري، أو العامل المصري، والتعطل المصري، فيعتريني دوار، يعتريني شيء كمن عاش في حلم فأفاق على حقيقته، فأقتطع المقال، وقد خُيِّل إليَّ أن عليه أثر العرق والتعب والدموع،
"
22,snippet_same_author_same_doc,Hindawi_94,18175075,"فالناس تختلف أحوالهم من عصر إلى عصر، ومن مصر إلى مصر، وقد تختلف في العصر الواحد والمصر الواحد باختلاف طبقاتهم وأسباب كَدِّهم وعيشهم، فإذا اختلف الأحكام في شأنهم فلا جناح في ذلك ولا عجب فيه؛ ولذلك اختلف الأئمة الأربعة مذهبًا
"
15,main,Hindawi_60,93949194,"بدوي، عبد الرحمن: دور العرب في تكوين الفكر الأوروبي، دار الآداب، بيروت، ١٩٦٥م.
البطوطي، ماهر: رواة وروائيون من الشرق والغرب، المؤسسة العربية للدراسات والنشر، بيروت، ٢٠٠١م.
بن شروين، مرزبان بن رستم: قصص الأمير مرزبان على لسان الحيوان، ترجمة يوسف عبد
"
15,snippet_same_author_same_doc,Hindawi_60,93949194,"Borges, Jorge Luis: Seven Nights, tr. Eliot Weinberger, A New Directions Book, 1984.
Bouhdiba, Abdelwahab: Sexuality in Islam, tr. from French by Alan Sheridan, Saqi Books, London, 1998.
Briffault, Robert S.: The Troubadours, translated from the French by the author,
"
15,snippet_diff_author_diff_corpus_dev_in,Gumar_20,00028,"سعاد رجعت تبكي :-وانا والله اني اتعذب يمكن اكثر منه
الماس ارتفع ضغطها :-انتم ثنيناتكم تبون سنع
سعاد :-ليه
الماس :-تحبون بعض وتكابرون سعاد انتي تحبينه
قالت بقوه :-الماس احبه اكثر من نفسي وانتي عارفه هالشي
الماس :-اثبتي له وللكل
"
15,snippet_diff_author_diff_corpus_dev_out,Gumar_169,00492,"ام سعد وهي تبتسم/أي...
نورة/وش يبي؟
ام سعد/سلامتك بيسلم علينا قبل لايسافر؟
نورة بصدمة/بيسافر؟؟وين يبيروح؟
ام سعد/ايطاليا يقول بيسافر ثلاثة اسابيع عنده مؤتمر وبعدها بيرجع هنا وبيقعد له كم يوم وبعدها بيروح دبي....
نورة بشرود/ليه؟
ام سعد/شغل بعد ليه؟
نورة/...........
"
15,snippet_same_author_diff_doc_dev_out,Hindawi_60,39308197,"ثم يعود شوقي عام ١٩١٩م إلى وطنه، الذي لقيه بعد يأسٍ فكأنه قد لقِيَ به الشبابا، ليجد الأحوال السياسية والاجتماعية وقد تغيَّرت عمَّا كانت عليه، ولم تعد له تلك المكانة الوثيقة لدى الحكام الجدد — وإن ظلَّ على صِلة بهم،
"
15,snippet_same_author_diff_doc_dev_in,Hindawi_60,38697285,"ولقد قال ديمتري نابوكوف، الابن، إنه بعد مرور عشر سنوات على وفاة أيِّ كاتب، إما أن يهويَ إلى قاع النسيان، أو أن يثبتَ في مكانه، أو يصعدَ حثيثًا إلى سمت مجمع الخالدين. ويبدو أن ما حدث الآن لنابوكوف ولوليتا، دليل
"
15,snippet_diff_author_same_corpus_dev_in,Hindawi_12,86206252,"(١٤) المقطوعتان الأخيرتان عن قصيدة «حدث في النصف الثاني من الليل» وهي المرثية التي كتبها الشاعر العربي الكبير من اليمن الدكتور عبد العزيز المقالح، ونشرت في جريدة الثورة في صنعاء.
(١٥) أقمنا — صديق العمر وأنا — في مسكنٍ واحد
"
15,snippet_diff_author_same_corpus_dev_out,Hindawi_48,50539692,"لقد وصل إليَّ، قبل أسابيع، خطاب من كاتب في الزقازيق يقول لي فيه إن ما أسميه رجعية وأحاربه في مقالاتي إنما هو الدين.
من الذي ضلل هذا المسكين سوى الرجعيين في مصر؟! بل من الذي ضلل السودانيين سوى الرجعيين في
"
35,main,Gumar_248,00311,"لنى صالح عطيني واحد منهم باخذ شي
صالح فتح الكيس وطلع لها شوكلاته بالبندق خذي
لنى طالعت فيه مين قال إنها تبغا هذي خذها لك ما ابغاها
صالح رجعها ع الكيس اجل أي وحده نفسك فيها
لنى عناد يعني عطيني
"
35,snippet_same_author_diff_doc_dev_out,Gumar_248,00669,"وديم بفرحة يا قلبي روحي انبسطي مع إني أشك إنه أحد ينبسط مع الوحوش والغيلان
ربى بكشرة ودوووووم
ضحكت يا ربي وش أسوي إذا زوجك ثقيل طينة قلت لك لا تتزوجيه بس ما رديتي عليّ
ربى بغيض المشكلة إنه حبيب
"
35,snippet_same_author_diff_doc_dev_in,Gumar_248,00668,"ارتجفت من هالذكرى ولا إراديا نزلت دموعي وأنا المس يدينه البارده بستها بألم والله كنت معي كنت جنبي بقربي وش اللي بعدنا
جهاز نبضات القلب على ما هو ما زاد ولا نقص
بكيت بانهيار تام ظنيت نفسي قويه وبقدر اتحمل
"
35,snippet_diff_author_diff_corpus_dev_in,Hindawi_107,85252495,"فسخط به الإمبراطور قائلًا: ويحك! هل انعقد لسانك؟ أليس لك منطق يُسكِت الجمع؟
– إن ظهور جلالتكم في البهو لأفصح من منطقي يا مولاي.
فذهب الإمبراطور إلى البهو ووقف في وسطه، فسكت الجمع في الحال، فقال الإمبراطور: إن جلالة الملكة
"
35,snippet_same_author_same_doc,Gumar_248,00311,"صالح الله يستر من طلباتك ايواا أي طلب
لنى ههههههههههه طيب أخذت الملعقة منه وحطت اول لقمه عادي طعمها عادي مو زي ما هي رافضته تماما
صالح هااا كيف
لنى تاكل لا بأس عادي
صالح يطالع فيها وبفمها الصغير وهي
"
35,snippet_diff_author_same_corpus_dev_out,Gumar_796,01047,"وغمزت لها:إنتي تحبي الوليد هاه..
ناظرتها ريناد بصدمه:ما أحبه..
جوارس بنص عين:لو ما تحبيه ليش بكيتي عيل هاه..
صمتت ريناد وهي تتسائل لم بكت
إبتسمت جوارس:دامك كذا قولي لأمي إنك موافقه على خطبه الوليد وبس..
ووقفت وتوجهت للخارج تاركتا ريناد
"
35,snippet_diff_author_diff_corpus_dev_out,Hindawi_37,19028174,"وهي ترد إليه ﺑ: سيدي ابن الإنسان.
والأغرب في الأمر، في النوم، أنهم جميعًا حلموا حلمًا واحدًا، حلمًا شاسعًا وكبيرًا، كان الموكب العظيم ينطلق من المغارة ذاتها، تتقدمه المرايم والنساء الكثيرات اللائي قدمن من نيالا وكاس وزالنجي مؤمنات ومحبات، كان
"
35,snippet_diff_author_same_corpus_dev_in,Gumar_230,00336,"مشاااعل: هههههههه تبين أبوووك رووحي له ..
جرااح:هاتيهاا عنك يكفي عواااد .((مشااعل ولدت بتووم وسمت الولد على اسم ابوهاا والبنت سماها جرااح))
مشااعل بخجل: فدديتك ...
غــيــث ومعه ضااري الي بدا تووه يمششي ويطيح ويتجهون لمهند:مـــهــنــد قووووووووووم ألعب معنا .
"
6,main,Hindawi_21,62618150,"ويتساءل خبير من السويد: ما معنى «مَنْ ملكت اليمين»؟
ويرد الخبير الباكستاني: يعني الجواري والعبيد من النساء.
ويصيح الخبير السويدي: هل لا يزال عندكم عبيد؟ ألم يتم تحرير العبيد منذ القرن الماضي؟
ويرد خبير من فرنسا: أتعرفون السبب الأساسي للانفجار
"
6,snippet_diff_author_diff_corpus_dev_in,Gumar_435,00656,"مدى:طفشت من هالاغاني انا ما يروق مزاجي الا موضي الشمراني
اسير:هههههههههههه هجل شكل الليله طرب على الاخر
مدى:افا عليك انا مدى والاجر على الله
اسير وهي تشوف ام راكان:شوفي ام اركان تطالعك
مدى بدون ماتلتف:عارفه
اسير:هههههههه مو وافقتي وخلصنا
مدى
"
6,snippet_same_author_diff_doc_dev_out,Hindawi_21,49386150,"– وإيه أخبار فؤادة؟
– فؤادة في الخيمة.
– فكرت أزورها لكن خفت يضربوني بالطوب.
– ليه يضربوكي؟
– إنت عارف ليه؟
– عشان غيرت أقوالك يا كوكب؟
– أيوه.
– كلنا بنغلط، المهم عدم الاستمرار في الخطأ.
– جلال
"
6,snippet_diff_author_diff_corpus_dev_out,Gumar_230,00292,"طلع الدكتور وتلرك وراه اسره محطمه كليأ.
من الصدمه بدت تضرب راسها بالجداار وتصارخ وتبكي.: كان معاذ اقرب واحد لها وسحبها لحضنه مايدري شلوون تجرأ بس هو بموقف مجبر يهديهم..
&&&&&&&&&&&&&&&&&&&&&&&&&&&&&&&&&&&&&&&
• بعد مرور شهر *
كانوا جالسين بالحديقه للقصر.
"
6,snippet_same_author_diff_doc_dev_in,Hindawi_21,80681963,"وكانت اللجنة قد سبق لها التقدم بمشروع من ثلاثة بنود:
(١)
تقديم الرجالِ للمحاكمة في حالةِ ثبوت الخيانة الزوجية.
(٢)
لا يحقُّ للزوج معاشرة زوجتِه جنسيًّا بالقوة والعنف في أي وقت.
(٣)
يحقُّ للأم أن تعطي اسمها لطفلِها غير المعروف
"
6,snippet_same_author_same_doc,Hindawi_21,62618150,"وانتهت آن من قصة جوريه، وتركنا القلعة وهبطنا إلى بيت العبيد الذي أصبح متحفًا الآن.
الدور العلوي من البيت كان مخصصًا لتجار العبيد، الدور الأرضي مقسم إلى غرف: غرفة الوزن حيث كانوا يضعون العبد فوق الميزان كما توزن الماشية، إذا
"
6,snippet_diff_author_same_corpus_dev_in,Hindawi_105,81902572,"يا ليلة بيضة يا نهار سلطاني: تعبير يقال عند الفرح والسرور، والنهار المشرق الجميل يسمى نهار سلطاني، والسكة الواسعة الممتدة تسمى سكة سلطاني.
يَامَا: يستعملونها بمعنى كثير، فيقولون: ياما رأيت؛ أي رأيت كثيرًا، وياما قلت؛ أي قلت كثيرًا، وأحيانًا يستعملون
"
6,snippet_diff_author_same_corpus_dev_out,Hindawi_73,85938393,"وأخيرًا بلغنا سهلًا فسيحًا أمام «الكرنك»، وسِرْنا مسافة في ظل أشجار الليمون، حتى خرجنا من تحتها، ووقفنا مع آلاف الموتى من أمثالنا، وكان القضاة خمسة وقد جلسوا صفًّا واحدًا، فأسرَّ إليَّ صاحبي أن تعالَ نشهد الرواية من أولها، وجذبني وزاحم
"
14,main,Hindawi_56,82646393,"بين الأستاذ سامي الذي يُنكر السعادة، وصديقي عوني الذي يرى كل السعادة في حذف رأس المال ومحو الفروق بين المراتب، أقف أنا قائلًا بأن هناك سعادة ممكنة؛ فقد سعدتُ في حياتي أيامًّا وأسابيع، وكل الناس عرفوا طعم السعادة وطعم الشقاء.
"
14,snippet_diff_author_diff_corpus_dev_out,Gumar_230,00292,"نزززلت دموعهااااا وماقدرت تمسكهم اكثر و تبكي
والكل صاار بأزمه بكااء حاده ......
زعل من قلبه على الي صاار وفجئه تذكر.!!
غديررررر
تركهاا عند الدكتور المصري ..
هررع اليها مسرعأ ..
فتح بااب الغرفه عليها ظل سااعه يتأمل شكلها الملاااااك.
"
14,snippet_same_author_diff_doc_dev_in,Hindawi_56,97415804,"(٢) السؤال: إذا تزوج مسلم أجنبية مسيحية، فهل يحسن أن تعيش بدينها وعاداتها، أم يرغمها زوجها على تغييرها بالدين الإسلامي والعادات الشرقية وأخصها الحجاب؟
الجواب: لا أستحسن الإرغام مطلقًا، لا سيما فيما يتعلق بالدين، ولا بد أن ينظم الزوجان علاقتهما وفقًا لمزاجيهما
"
14,snippet_diff_author_same_corpus_dev_in,Hindawi_32,61379142,"ولقد ذكرها العسكري في كتابه «الصناعتين» على أنها «من قولهم»، أي: العرب أو المولَّدين؛ ونقلها الرازي في تفسيره، فقال: إن للعرب في هذا المعنى كلمات منها: «قتلُ البعض إحياء للجميع.» وأحسنها: «القتل أنفى للقتل.» وكذلك جاء بها ابن الأثير في
"
14,snippet_same_author_same_doc,Hindawi_56,82646393,"هذه حرمانات قليلة من حرمانات عديدة خرساء لا اسم لها. ولقد قال بركليس زعيم الديمقراطية اليونانية: «عندنا لا يخجل أحد بفقره، وإنما يخجل إذا هو لم يكافح الفقر بالنشاط والعمل.» فإذا تيسَّرت معالجة الفقر — ولو معالجة نسبية — بالنشاط
"
14,snippet_same_author_diff_doc_dev_out,Hindawi_56,51305974,"شفيق (مقاطعًا بأدب): وهل من شروط الخليقة أن تسهر
(مفخِّمًا اللفظة)
الخلائق في تياترو أو في سينما؟
متاتياس (دون أن يلتفت لمقاطعته): … أو معنا نحن أهلك؛ فإنك تذهب إلى مجتمعات الدعوى، والكلام الفارغ، والعقول المرقَّعة التي تسميها أندية الأدب
"
14,snippet_diff_author_diff_corpus_dev_in,Gumar_214,01185,"صار قلبها يدق بـ قوة .. تحس إن ودها توقف الزمــن .. وما تيي اللحظـة إلي تكون هي وأحمد في مكان واحد تحت سقف واحد .. بروحــهم ..
حست بيده تعانق يدها الناعمـة .. سحبت يدها عنه بكل هدوء وقامت
"
14,snippet_diff_author_same_corpus_dev_out,Hindawi_34,69242916,"قال الملك المعز مُحنقًا: ثمَّ ماذا يا شيخ؟
– ثم يكون ما تراه يا مولاي.
– فقد رأيتُ عَزْلكَ من قضاءِ مصر يا بدر الدين، فليس لك منذ اليوم رأيٌ ولا نصيحة!
١ قطز: مملوكٌ من مماليك أيبك، وكان في تلك
"
7,main,Hindawi_22,16416838,"فقلت له وقلبي يسيل عطفًا: لا تحزن يا صديقي، فسوف يمحو الله شقاوتك وحرمانك وطردك.
فهز رأسه في شكٍّ وقال: هيهات يا دكتور. ليتني مت في الموقعة.
ولم أشأ أن أطيل معه المناقشة ونحن هناك على الطريق، كما أني لم
"
7,snippet_same_author_diff_doc_dev_in,Hindawi_22,16419535,"ودخلنا في مناقشة طويلة بعد ذلك عندما ذكرت له تنازع أفكاري بين إجابة رغبة منى وبين تلبية نداء المعركة التي تُناديني.
فما كاد عبد الحميد يسمع كلمتي حتى انفجر ضاحكًا وقال: لا تكن أحمق بهذا القدر، تستطيع أن تكتب ما
"
7,snippet_same_author_diff_doc_dev_out,Hindawi_22,60929519,"فلما مضى ذلك اليوم واضمحلت تلك السورة عادت إليه الشكوك وكاد يلوم نفسه على أنه فرط في حق نفسه وفي حقها مرة ثانية، فساعد على إعادتها إلى ذلك الزوج الذي لا يستحقها.
ولكنه منذ عاد صدقي ورأى كيف عاد البِشْر
"
7,snippet_same_author_same_doc,Hindawi_22,16416838,"وقلت له يومًا على سبيل المزاح: إن مرسمك هذا يذكرني بهياكل الجثث في المتحف.
فاتسعت ابتسامته وأجاب قائلًا: لأنك لا ترى الأرواح التي ترفرف فوقها.
وكنت في يوم من الأيام عنده وهو يرسم إحدى لوحاته، وكانت تشبه لوحاته الأخرى في
"
7,snippet_diff_author_diff_corpus_dev_out,Gumar_44,00570,"كان حامل معه اكياس كثيييره .. اللي استغربت منها مضاوي ....
طرق الباب طرقه خفيفه .. وما سمع اي نداء منها او استجابه ..
فهد للمره الثانيه يطرق الباب : وبعدها دخل بشويش ..
لقاء الغرفه شبه مضلمه الا نور
"
7,snippet_diff_author_diff_corpus_dev_in,Gumar_230,00498,"(..بدور ..)
انا في بدايه عند عاايشه عند ابو ساامي وشفت الظيم منهم وبعدها جيت عند اهلي والحمدالله عشت معاهم حيااة الله يعلم كيف انبسطت فيها موته ابوي هزنتي وفقدته كثير من بعد مااتوفى.. بعد خمس سنوات من وفاة ابويا
"
7,snippet_diff_author_same_corpus_dev_out,Hindawi_56,51305974,"شفيق (مقاطعًا بأدب): وهل من شروط الخليقة أن تسهر
(مفخِّمًا اللفظة)
الخلائق في تياترو أو في سينما؟
متاتياس (دون أن يلتفت لمقاطعته): … أو معنا نحن أهلك؛ فإنك تذهب إلى مجتمعات الدعوى، والكلام الفارغ، والعقول المرقَّعة التي تسميها أندية الأدب
"
7,snippet_diff_author_same_corpus_dev_in,Hindawi_160,94207318,"(٣٠)
وجدتُ مثالًا للغرائبية التي تنشأ عن وصف حدثٍ ما أو شخصٍ ما، واقعيَّين، دون تحديد المكان والزمان الواقعيَّين، في هذه السطور للفنان حسن فؤاد عن تجربة مشاركته في تمثيل وإخراج مسرحية صلاح حافظ التي قُدِّمَت على مسرح سجن الواحات
"
18,main,Hindawi_73,91637469,"فأقول: «ملوخية؟ لقد طرحت هنا حب فجل فكيف تخرج الأرض ملوخية؟»
فتقول: «كلا، هذه ملوخية وقد بلغ نبتها المدى، فاختضرها١ وإلا فسدت».
فأقطع ورقة وأمضغها فأجد طعم الملوخية ولا أجد طعم الفجل، وكنت أهمل أن أكتب أسماء البذور على الورق
"
18,snippet_diff_author_same_corpus_dev_out,Hindawi_105,59616186,"وهذا التغير المستمر في الشخصيات هو الذي أبقى على أمل المصلحين في إصلاح الناس، وباعد بينهم وبين اليأس.
•••
وكل شيء يواجه الإنسان في حياته يؤثر في شخصيته أثرًا صالحًا أو سيئًا؛ فالغنى بعد الفقر، والفقر بعد الغنى، واليأس بعد
"
18,snippet_diff_author_diff_corpus_dev_out,Gumar_12,00016,"فواز: شكلي بروح لبدور الحين..
ماجد: على طول مشا الله..
فواز: امزح معك بخليها بكره..
ماجد حط ايده على كتف فواز: ترى مو لازم تتغير اهم شي سعادتها اوكي..
فواز: وانت صادق...
&&&&&&&&&&&&&&&&&&&&&&&&&&&&&&&&&&&&&&&&&&&&&&&&&& &&&&&&&&
مشاري: اقول عيال خلونا نطلع مع
"
18,snippet_diff_author_diff_corpus_dev_in,Gumar_69,00091,"قلت له اني بروح عند اهلي
منى :واو وناسه اجل بكره ماني رايحة المدرسه
دانه :ليه
منى :ابي نسهر اليوم لحد الصبح مثل ايام قبل
دانه ""ااااااااااه ياليتني ارجع بنت بلاهموم ياليتني ارجع مثل ماكنت "":فكره حلوة
منى :الا وين
"
18,snippet_same_author_diff_doc_dev_in,Hindawi_73,13572470,"ورأت صرامة نظرته وتجهم وجهه، فتحجرت الأبتسامة — لم تغض بل صارت رسمًا تنقصه الألوان والمعنى — ولم يكن هذا عهدها به إلا حين يكربه هم ثقيل. فقلقت، وارتدت عينها إلى الورقات المتجاورة فنحتها بكلتا يديها، واتكأت بكوعها على المنضدة
"
18,snippet_diff_author_same_corpus_dev_in,Hindawi_60,93949194,"Tales From The Thousand And One Nights, tr. N. J. Dawood, Penguin Books, 1973.
Les Mille Et Une Nuits, tr. Antoine Galland, G. F. Flammarion, Paris, 1965, 3 Vol.
Le Livre De Les Mille Et Une Nuits, tr. J. C.
"
18,snippet_same_author_same_doc,Hindawi_73,91637469,"قالت، وهي مطرقة: «نعم. والآن أستودعك الله!»
فتعلقت بها فلم يجدني ذلك وقالت: «أنا بنت الصحراء، وأنت ابن المدينة.. لست لي، ولست لك … وقد تركت لك الحديقة … لتذكرني بها».
وكان هذا آخر عهدي بها …
ولكني لم أطق
"
18,snippet_same_author_diff_doc_dev_out,Hindawi_73,85938393,"•••
فسارعت باسمة وإن ظلت عيناها زائغتين، وحطَّت على كتفها وهي سائرة حمامةٌ بيضاء فأمالت إليها خدها.
وقال صاحبي: «جاروا للمرة الثانية، والحمامة شاهدي.»
ونُودي الثالث، وكان إلى جانبي. فرفعتُ إليه عيني وعجبت كيف يكون صاحب مثل هذا الوجه شريرًا؟
"
31,main,Gumar_69,00091,"قلت له اني بروح عند اهلي
منى :واو وناسه اجل بكره ماني رايحة المدرسه
دانه :ليه
منى :ابي نسهر اليوم لحد الصبح مثل ايام قبل
دانه ""ااااااااااه ياليتني ارجع بنت بلاهموم ياليتني ارجع مثل ماكنت "":فكره حلوة
منى :الا وين
"
31,snippet_same_author_diff_doc_dev_out,Gumar_69,00937,"ضمه محمد لكن مو هذا الحضن اللي تعود عليه.... مو حضن عبد الله اللي ريحته عود وفيه حنان الأب اللي شاله من الشارع والبرد.... ورباه عنده ومات وهو يعتبره ولده....
أبو أحمد مبسوط.... حط يده بكتف ولده وقال: يللا يا
"
31,snippet_diff_author_same_corpus_dev_out,Gumar_796,01047,"تنهد الهجرس وهو يناظر أصحابه ببتسامه ألم:نشوف إيش بيصير......
بع ـد أشـهر
:رائـــــد..
إلتفت لها سريعا:ويش فيك..
أمسكت بطنها:بطني..
أرتبك رائد وركض لأمه فهو لا يعلم ما سيفعل:مـــــاه تعالي..
طلعت أمه :ويش فيه..
راد بقلق:حسناء تقول بطنها..
أم رائد بسرعه:لبسها
"
31,snippet_diff_author_diff_corpus_dev_out,Hindawi_48,50539692,"ففي عدد أغسطس من ١٩٥٤ من مجلة «الرسالة الجديدة» يجد القارئ بضع صفحات كتبت عني جاء فيها:
في العدد الماضي من الرسالة، قال الأستاذ سلامة موسى: «إنه لا يوجد بين أدباء مصر، أديب واحد يستحق أن يحمل التاريخ آثاره إلى
"
31,snippet_same_author_same_doc,Gumar_69,00091,"ام وهذا ربي عقابني وانحرمت من ولدي الي لحد الحين مو راضي يصحى ااااااااااااااااه انا غبي غبي
واستهل بس دانه دانه البنت البريئه ماتستاهل اخذتها ورده توها تتفتح للعالم وخليتها ورده ذابله
ماحمدت ربي على النعمه الي عطاني اياها وماقدرت
"
31,snippet_diff_author_diff_corpus_dev_in,Hindawi_71,42702649,"أما «جاكلين» فتدهش لأن صاحبها يستشيرها في مثل هذا الأمر، وهي لا تكاد تعرفه، ولكنه قد أنس إليها حين رآها في المرة الأولى ورأى منها صراحة ونصحًا وإخلاصًا، فطمع في أن يستشيرها واطمأن إلى رأيها. وهي لا تدري بم تشير
"
31,snippet_same_author_diff_doc_dev_in,Gumar_69,00763,"ماهر: هههههههه أخبارنا قديمه
ديمه: ههههه صادق ماهر شكلنا غبرنا... إلا يبه هذي جديده حبيب قلبي مهند
أم ديمه: فديته مهند هو اللي قايم فينا وأغراض البيت هو اللي يجيبها
ديمه: مهند ولد خالتي!!
أم ديمه: ايوه ذاكـ اليوم قال
"
31,snippet_diff_author_same_corpus_dev_in,Gumar_248,00311,"كاريس استغربت معقد حواجبه
محمد ابتسم كاريس عندي سؤال خاص من اول نفسي أسألك ياه
كاريس ابتسمت تفضل
محمد ابتسم اسمك مسيحي وأنتي مسلمه
كاريس نزلت عيونها على يدها بتوتر وهي جالسة قدامه عيشتي بأميركا حكمت علي هالشي مع انو
"
38,main,Gumar_483,01158,"رفعت راسها له وهو بعده على بعد خطواات منها واتسعت اعيونها للي شافته واول ما رفع حواجبه ابتسمت ابتسااامه ذوبت كل شي فيييه نزلت راسها تحت وهو يتقدم ناحيتها بابتسامه وقلبه ايرفرف
الي خلا نور تبتسم اهو شوفتها للحيه الي
"
38,snippet_same_author_diff_doc_dev_out,Gumar_483,00587,"جلست قوت وهي متوتره حييييل ...التفت ليها عتاب وهو مبتسم ورجع يتمدد ويحط راسه على رجلها
عتاب:لو اننا نمسي اهنيا كل يوووم مهب احسن
ارتجفت قوت وحاولت توقف لاكنه مسكها
عتاب:تعااالي اهنيا
ناظرته بخوووف...اعتدل جالس وناظرها
عتاب:وش فيييج ياحبة عيييني
"
38,snippet_diff_author_diff_corpus_dev_in,Hindawi_7,81709058,"– هل أستطيع أن ألقاهما؟
– عندما تحب.
– من بكرة إن أمكن.
– أنا لا أروح لأحد منهما ولكن الأسبوع لا يمر إلا ويزورني واحد منهما أو الاثنان.
– عظيم! قلتِ حسنين يحب الفلوس.
– أكثر من الحياة.
–
"
38,snippet_same_author_same_doc,Gumar_483,01158,"تم فاتح عيونه وثمه ايحاول يستوعب
مي وهيه منزله راسها تحت:الحمدلله على السلامه
مروان وهو يرجع ورا وريله تدخل في الزباله الي وراه ويتوهق ابها:هااه الله الله الله ايسلمج ..انا انا
والتفت متوهق بالزباله الي ماطاعت اتفج من ريله وهو
"
38,snippet_diff_author_same_corpus_dev_out,Gumar_248,00669,"هههههههههههههههههههههههههههه
ههههههههههههه يا حليلها هالبنت ما تغير حركاتها
ابتسمت بغيض الحين هذا اللي طلع معها قاعده تضحك على حركات بنتها الغبية
باستني معليش جمانة حبيبتي أدري فيها داليا بس تعرفين هي تحب وافي مره وغيرانة شوي
هزيت راسي اييه وبداخلي
"
38,snippet_same_author_diff_doc_dev_in,Gumar_483,00586,"ليث قرب منها اكثر ومسك وجهها :نا ظرييييني انا وش سويييت ليج هاااه نسيتس انتي الي سويتييه فيه ..نسيييتي
ورفع عنها يده وخلع ثوووبه
ليث:ناااظري اهنيا ناااظري من الي سوا ذا هاااه من؟؟.... وش صااارلج ؟وش الي خلاااااج ضعيييفه كذا؟
"
38,snippet_diff_author_same_corpus_dev_in,Gumar_230,00497,"الكل :. باي
اسرء:. بنااااات بكرة العصر بروح مع الجدي المزرعه تجو ولا لا
شهد :. انا جاااايهـ
عهد:. وانا كماانت
اسراء:. وانتي ياحنو
حنين:. لا حنان يوم الاربعاء الصباح جايه من الشرقيه ابغى اجلس معاها واجي العصر معاهم
اسراء:.
"
38,snippet_diff_author_diff_corpus_dev_out,Hindawi_99,96404636,"قال الطبيب الصديق: جئت إلى هذه البلاد «إنجلترا» يحدوني الأمل أني لا شك واجدٌ عند أساطين الطب ما يستثير مني العجَب والإعجاب، فإذا بالأساطين لا يكادون يُسمِعونني في الطب جديدًا؛ أفنحن بعد ذلك مُصدِّقون لما يُذيعه المُعجَبون بهذه البلاد وأصحابها؟
"
4,main,Hindawi_10,46486938,"أنا وأنت لا تعنينا السياسة الجوفاء، إنَّ السياسة كالنار تدفئك مجالسًا وتحرقك ملابسًا، فتمتَّع بمنظر ألسنتها المندلقة من فم موقدها الشَّبِق. إنَّ ثرثرتها ناعمة مغرية، ولكنها كالحبِّ تكوي وتَحرق، فحذارِ أن تمدَّ يدك إليها، فإنها ألسن تلحس ومداعبتها التهام وهضم.
"
4,snippet_same_author_diff_doc_dev_out,Hindawi_10,37520352,"وقد نشر لقاسم أمين كتاب ثالث سمي «كلمات لقاسم بك أمين»، ومن هذه الكلمات قوله: «إن الذي مدحك بما ليس فيك إنما هو مخاطب غيرك.»
تعصب أهل الدين، وغرور أهل العلم هما منشأ الخلاف الظاهر بين الدين والعلم، لا تكمُل
"
4,snippet_diff_author_same_corpus_dev_in,Hindawi_26,38196806,"وأخشى والحزن يفعم قلبي أن يكون ما ظفرنا به من المجد الأدبي ميراثًا تلقيناه عن أجدادنا النبلاء الذين ملأوا الدنيا بالتأليف والتصنيف وجعلوا مصر تاجًا تزدان به هامة اللغة العربية، أخشى أن لا تكون لنا سياسة مرسومة تفكر دائمًا في
"
4,snippet_same_author_same_doc,Hindawi_10,46486938,"وبعدُ، فما المدرسة يا عزيزي؟ قل إنها حبس كما قلنا ولا تستحِ من ذقني، وأنت طرحت نفسك في ذلك الحبس بملء إرادتك، فاعمل إذن مريدًا تكتسب علمًا، وإن كنت لا تريد فمن يعلِّمك. إنَّ الوحي انقطع كما تعلم وتؤمن، والعلم
"
4,snippet_same_author_diff_doc_dev_in,Hindawi_10,82857304,"أسمعت ما قالوا عن السلاح المصري الذي كان في حرب فلسطين يقتل صاحبه لا العدو؟ كذلك هو التعبير القديم، إنه يقتل صاحبه.
فالشعر قبل كل شيء هو صدى النفس، ولا يمكن أن يعبر عن هذا الصدى إلا بلسان صاحبه، إن
"
4,snippet_diff_author_diff_corpus_dev_in,Gumar_248,00311,"صالح عفويا يا قلبي قريب ولا يهمك
لنى حمرت خدودها وغيرت الموضوع صالح عندهم حلويات
صالح ابتسم أكيد ما في مطعم ما فيه تحليه
لنى اها طيب اطلب لي حلا قبل الأكل
صالح نوو أيام سوري
لنى طالعت فيه وليه
"
4,snippet_diff_author_same_corpus_dev_out,Hindawi_37,19028174,"وقال: من يكرهك جنبك شرور محبته.
وقال: من يكفر بي كمن آمن بي، ومن يجهلني يعرفني أكثر، وأنا ما بين الوردة وطائر الطنان، كثيرٌ من التحليق وبعض الرحيق.
وقال لنا: لا يعني أنكم إذا قُتِلتم الآن قد لا تعيشون للأبد.
"
4,snippet_diff_author_diff_corpus_dev_out,Gumar_44,00570,"ما سالتي نفسك ..؟ وتمنعين حالك من الناس وحالتك كل يوم تتدمر علشان منو علشان ماضي انتها وانتي الي تحيينه خلاص اقتليه والناس بتقتله وبتنسااه و انا تغيرت واوعدك اني
بفتح صفحه جديده وانت تكونين الحكم فيها خلنا نربي طفلنا
"
11,main,Hindawi_37,81840925,"أما بقية الكهف فقد نظفت واستأنست ووضعت لها بوابات من الحديد وأقفال صلدة، فقد كانت تريدها نوار سعد لأغراض لم تفصح عنها. ولكني سمعتها ذات مرة تقول: سيأتي يوم يجيء فيه إلى هنا من يبحث عن آثار مايازوكوف؛ فإنه ليس
"
11,snippet_diff_author_same_corpus_dev_out,Hindawi_1,39429258,"فقال بسخرية: بالصدق نطقت.
عند ذاك نتر حسونة السبع ساقَيه المتشابكتَين نحو الأرض وسأله منذرًا: علامَ تعتمد في رجوعك إن لم يكن على عفوي؟
فقال بصوت جهْوري: اعتمادي على الله جل شأنه.
فصاح السبع: اذهب على قدمَيك وإلا ذهبتَ على
"
11,snippet_diff_author_diff_corpus_dev_in,Gumar_248,00668,"رميت شنطتي وأشيائي أول ما خذتني خالتي يلدا وتاله بالأحضان
وحشتوووني
يلدا بحب يا قلبي البيت مو حلو بدونكم
قلت بحيا والله إني من أول تمنيت أكون معكم
راكان مد راسه وأنا مالي سلام
ضحكت أنت أكثر واحد وحشتني وميرا
"
11,snippet_same_author_diff_doc_dev_in,Hindawi_37,26020959,"•••
أول من التحق بالعائدين وينو.
ذلك الشرس، ويقال إن تيم وعده بأن يصبح سائقًا لإحدى الدبابات، سيعلمه قيادة الجيب، وينو يكره الكواكيرو لأنه أهداه لقب «تنقا»، و«تنقا» بلغة اﻟ «لالا» تعني ذا الأذن الواحدة، وذلك شيء لا يمكن أن
"
11,snippet_diff_author_same_corpus_dev_in,Hindawi_72,17919704,"ولا حاجة إلى مراجعة طويلة لإظهار ما في رواية الدكتور زكي مبارك من خطأ لا يحتمل الخلاف؛ فإن سعدًا لم يكن من الرؤساء الذين يدعون إلى المساجد لصلاة الجمعة مع الملك أحمد فؤاد في صحبة حسين رشدي، ولم تكن صلاة
"
11,snippet_same_author_diff_doc_dev_out,Hindawi_37,19028174,"وهي ترد إليه ﺑ: سيدي ابن الإنسان.
والأغرب في الأمر، في النوم، أنهم جميعًا حلموا حلمًا واحدًا، حلمًا شاسعًا وكبيرًا، كان الموكب العظيم ينطلق من المغارة ذاتها، تتقدمه المرايم والنساء الكثيرات اللائي قدمن من نيالا وكاس وزالنجي مؤمنات ومحبات، كان
"
11,snippet_same_author_same_doc,Hindawi_37,81840925,"############################################################
المرسم المفتوح
أكبر كهوف مايازوكوف بجبل المرسم …
أكبر كهوف مايازوكوف بجبل المرسم هو الذي بُني على ارتفاع عشرة أمتار؛ على بوابته نصب الحرية الذي في شكل حدأة ضخمة لها جناحا فراشة وأظافر سيدة، وأيضًا فم امرأة، وبداخل نفس
"
11,snippet_diff_author_diff_corpus_dev_out,Gumar_214,00270,"حمدان: ههههههههههه فديتج يا قلبي إنتي ههههههههههه
جنان وهي تلف عنه: خلاااص فرااج .. زعلت
حمدان وهو يحاوطها من خصرها ويقربها منه .. لدرجه خشومهم تلاامس بعض : أفااا أنا تزعليــــن مني
جنان إنقلبت حمرررررررررره من الإحراج:..........................
ابتسم حمدان: تدرين
"
2,main,Hindawi_6,50357186,"ولم تُجِبْ.
ومرة ثانية ناديتها: سانتي.
وأيضًا لم تُجِبْ.
ومرة ثالثة قلتها، وخرج صوتي متهدجًا يملؤه التأثُّر كمن ينادي على رفيقةِ الصعود إلى جبلٍ حين تتركه فوق القمة وتهبط وحدها السفح، وهي عاجزة عن إيقاف نفسها عن الهبوط، وهو مقيد
"
2,snippet_diff_author_same_corpus_dev_in,Hindawi_73,93085140,"فصاحت: «ولكنى أحبك من الآن!».
وندعهما … فما بقى لنا مقام معهما.
الفصل التاسع عشر
############################################################
حواء والحية
رفعت «جليلة» رأسها قليلا عن الرمل، ونظرت إلى صدرها الذى يعلو ويهبط، وجلدها الذى دبغته الشمس ثم مدت بصرها إلى ساقيها وإلى
"
2,snippet_diff_author_same_corpus_dev_out,Hindawi_37,19028174,"من المتوقع ألا تجد أحدًا هنالك؛ لأن الناس في زمن الحرب أصبحوا لا يبتعدون كثيرًا عن مساكنهم التي هي المدن أو شبه المدن، حفاظًا على حياتهم، وتجنبًا لملاقاة الجنجويد الذين لا يترددون إطلاقًا في قتل من يلتقون به، مدنيًّا كان
"
2,snippet_same_author_diff_doc_dev_out,Hindawi_6,75730581,"وكانت الحكومة الألمانية تدفع لكل يهودي ألماني يعود إلى ألمانيا بعد الحرب كذا ألف مارك تعويضًا له، غير التعويض الهائل الذي رصدته الحكومة لإسرائيل.
ونما الرأسمال الألماني في أحضان رأسماليين عتاة يهود؛ خبرة الألمان وطاقاتهم ودولارات أمريكا وناب اليهود الذكي
"
2,snippet_diff_author_diff_corpus_dev_out,Gumar_230,00292,"غديررر بتعب واضح على ملامح وجهاا الذبلانه وشفايفها الجافه ..وعيونها المخدره كليأ: اااه اابـــ،ـ،ــ ي مااااي..
جاب لها ماي وساعدها لتشرب وثم سندها على اقرب كرسي..
معاذ: كيفك الحين أحسسسن.؟
غدير:..........
معاذ: قومي يلا حاوولي .
غدير: ماقدرر رجولي ماتشيلني
"
2,snippet_diff_author_diff_corpus_dev_in,Gumar_483,01158,"رفعت راسها له وهو بعده على بعد خطواات منها واتسعت اعيونها للي شافته واول ما رفع حواجبه ابتسمت ابتسااامه ذوبت كل شي فيييه نزلت راسها تحت وهو يتقدم ناحيتها بابتسامه وقلبه ايرفرف
الي خلا نور تبتسم اهو شوفتها للحيه الي
"
2,snippet_same_author_diff_doc_dev_in,Hindawi_6,17394169,"وثارت عاصفةُ ضحك عاتية، واستيقظ النائمُ على ثورتها نصف مذهول، واستردَّ وعيَه وهو يضحك، ثم أسرف في الضحك حتى قهقه، ولما رأى العاصفةَ مستمرةً قام، وخلَع طاقيتَه الصوف ورماها، وداس عليها بقدمه الغليظة، ثم سبَّ أبا الدنيا وقعد وهو يبتسم
"
2,snippet_same_author_same_doc,Hindawi_6,50357186,"وعرفت أنه عنتر حتى قبل أن ألتفت، ولأول مرة وجدته وحيدًا من غير عبلة، وسألته عنه وهو بالكاد يحاول أن يلاحق خطوي الواسع، فأشاح بيده وقال: الولية مراته أصلها بتولد النهاردة، راح يشوف لها فرختين، أصل خايف لحماته تدبح فراخ
"
12,main,Hindawi_41,39649030,"– إن عودتي يا أمي لن تصلح شيئًا مما تهدم من حياتي.
– ستعيشين بجانب أمك هانئة سعيدة، وستمحو الأيام تلك الذكريات القاسية، فإن كل شيء يُنسى يا بنيتي في هذه الحياة.
– إلا الشباب الضائع.
– كوني سلوى لأمك
"
12,snippet_diff_author_same_corpus_dev_out,Hindawi_133,69073918,"وإنما كان لصاحب الجيش الربع وهو المرباع، وقال في موضع آخر (ص٢٣٧): وقول اليهود «محمد والخميس» سُمِّي الجيش العظيم خميسًا لأن له ساقة ومقدمة وجناحين وقلبًا، لا من أجل تخميس الغنيمة، فإن الخُمس من سُنَّة الإسلام، وقد كان الجيش يُسمَّى
"
12,snippet_diff_author_same_corpus_dev_in,Hindawi_99,90938482,"كذلك صاحبنا «أحدب الحياة» ربما كان الفرق بينه وبين سائر الناس أنه قد أنعَمَ النظر في معنى الحياة، فانتهى به النظر إلى أنها أنفاس فاترة واهِيَة من هواء، تتردد في صدره شهيقًا وزفيرًا. لا شيء أ كثر من ذلك، وهو
"
12,snippet_same_author_same_doc,Hindawi_41,39649030,"– نعم أجاملك يا لورا، ولكني لم لو أنَلْ رضاك لسرت إلى القتال مشتَّت القلب مثقلًا بالهموم.
– لا يا حبيبي على بركة الله مجمّع القلب باسم الوجه، وعد إلى زوجتك الوالهة مظفرًا منصورًا.
فوثب إليها يقبلها وتقبله في شغف
"
12,snippet_diff_author_diff_corpus_dev_out,Gumar_214,00270,"((مشاري وهيام .. يابو أخت حق الجوري وسموها  ""انجود"" .. والحين ينتظرون مولود وهي في الشهر السادس .. وطبعاًً حياتهم ما في أحلى منها^^))
((مرام وجاسم .. بدوا يعيشون حياه زوجية .. وطبعاً طول السنتين حبوه بعض .. بس
"
12,snippet_same_author_diff_doc_dev_out,Hindawi_41,97031861,"– أكرم الناس!! هؤلاء البُله المفاليك الذين يصفقون لكل غالب!! … إنني عزمت على مكاتبة جميع ملوك الساحل من الإفرنج؛ ليهجموا على مصر من طريقين: طريق بلبيس، وطريق دمياط.
فلمع الغضب في عيني شجاع وقال: والله لئن لم تنته عن
"
12,snippet_same_author_diff_doc_dev_in,Hindawi_41,40204702,"وقام المتنبي إلى داره ومعه عبد العزيز، وأشرق عليهما الصباح حتى شرعا في إنفاذ خطتهما في دقة وإحكام، وكان المتنبي في غضون هذه المدة يروح ويجيء مطرقًا حزينًا يتمتم بكلمات، ثم يخرج من كمه ورقة ويدوِّن فيها ما تفيض به
"
12,snippet_diff_author_diff_corpus_dev_in,Gumar_12,00241,"حمد: لا هو من مستوانا ولا مواخيذنا..
لانا حطت رجل على رجل: عشتوا...يعني ايش راح تجيب القرقر..
اريام ما زالت متماسكه بعد الكف اللي جاها..
موضي لفت على اريام: والله يوم جبتي كان جبتي شب صاحي..
حمد طالعها: موضي!!
موضي:
"
20,main,Hindawi_82,15792571,"ذو النون المصري والمرأة الزاهدة
قال ذو النون المصري: خرجت يومًا من وادي كنعان، فلما علوت الوادي إذا بسواد مقبل عليَّ وهو يقول: وَبَدَا لَهُم مِّنَ اللهِ مَا لَمْ يَكُونُوا يَحْتَسِبُونَ (الزمر: ٤٧) ويبكي، فلما قرب مني السواد إذا بامرأة
"
20,snippet_same_author_diff_doc_dev_in,Hindawi_82,38246146,"العذر يلحقه التحريف والكذب
وليس في غير ما يرضيك لي إرب
وقد أسأت فبالقمى التي سلفت
إلا مننت بعفو ما له سبب
وقال بعض الحكماء: شافع المذنب خضوعه إلى عذره، وقال بعض الشعراء:
اقبل معاذير من يأتيك معتذرًا
إن برَّ
"
20,snippet_diff_author_same_corpus_dev_in,Hindawi_6,17394169,"وضحكوا قبل أن يقول حرفًا آخر؛ إذ ما كادوا يتصوَّرون الجدَّ عامر العجوز الذي ترك وراءه التسعين، وبدأ يتطلَّع إلى المائة، والذي قضى حياته كلَّها لا يعرف إلا الزرع والصلاة، والذي كانوا أول الأمر يجعلون من كلامه حِكمًا يردِّدونها في
"
20,snippet_diff_author_same_corpus_dev_out,Hindawi_41,97031861,"ملكت عنان النصر ثم خذلتني
وحالي بمرأى من علاك ومسمع
فلم أتلق منه إلى هذه الساعة جوابًا، وقابلني البيساني فهز رأسه في خبث، وقال: لم أر أعجب من قصيدتك للناصر، لقد غلبت فيها مدحك للفاطمين على مدحه.
– استمر في
"
20,snippet_diff_author_diff_corpus_dev_out,Gumar_425,00509,"رغد تمسح دموعها: ريمآ خليك قويه أكثر ..هذآ اللي ربي كآتبه لهآ
هنادي قآمت دخلت غرفتها رمت نفسها على السرير غمضت عيونها الحارقه مثل الجمر من كثرت بكآئهآ وذرفهآ للدموع ...صوتها أصبح مبحوح بسبب شهقاتها المتلاحقه ...ازعجتها نغمة جوالها ..سحبته
"
20,snippet_diff_author_diff_corpus_dev_in,Gumar_796,00965,",,,,,,,,,,,,,,,,,,,,,,,,,,,,,,,,,,,,,,,,,,,,,,,,,, ,,,,,,,
فـ مزرعـــه البيـــــــــــــان
شهق قصـــــــي:الشرســــــــــه..
ليــن هنا وبــــــس
عيســى
الفـــــي
طارق
طفلـه أحلام البيــان هي الشرســـــه أيعقل
أنتظر تفاعلكم وتوقعاتكم..
أختكم:عمانيه وأفتخر
البارت الستـــــــون والواحــد والستـون
,,,,,,,,,,,,,,,,,,,,,,,,,,,,,,,,,,,,,,,,,,,,,,,,,, ,,,,,,,
الفجــــــــــــــر
:عيســـــــــى..
صحى عيسى بسرعه على صوت خاله وهو يفرك
"
20,snippet_same_author_diff_doc_dev_out,Hindawi_82,79405794,"قال قيس بن زهير:
شَفَيتُ النَّفسَ مِن حَمَلِ بنِ بَدرٍ
وَسَيفي مِن حُذَيفَةَ قَد شَفاني
فَإن أَكُ قَد بَرَدتُ بِهِم غَليلي
فَلَم أَقطَع بِهِم إِلَّا بَناني
قال أعرابي:
أَقُولُ لِلنَّفْسِ تِعْزَاءً وَتَسْلِيَةً
إحْدَى يَدَيَّ أَصَابَتْنِي وَلَم تَرِدِ
كِلاهُمَا خَلْفَ مِن
"
20,snippet_same_author_same_doc,Hindawi_82,15792571,"يا خد إنك إن توسد لينًا
وسدت بعد الموت صم الجندل
فامهد لنفسك ساعدًا تسعد به
فلتندمن غدًا إذا لم تفعلِ
فانتبهت فزعًا، فخرجت من ساعتي هاربًا إلى ربي.
عبد الواحد بن زيد والمرأة الحكيمة
قال عبد الواحد بن زيد:
"
17,main,Hindawi_72,85807391,"ولو رجعنا إلى سر هذه البلية كلها لوجدنا أن «علا في الزمان جدك.» هي تفسير هذه الأبيات أو تفسير تلك النكبات، وأن الزرافة التي عند «ملك البربر» هي التي أدخلت نسب الرجل في سلالة بني إسرائيل.
فالخطر يا صاحبي على
"
17,snippet_same_author_diff_doc_dev_in,Hindawi_72,17919704,"لقد أثير جدل كثير حول ما كتبه الأستاذ الزيات، ونحن مترقبون قولكم في هذا الخلاف …
عبد العظيم إبراهيم المطعني
كلية الدراسات العربية
إن ما قرره الأستاذ الزيات صحيح، ولا يغض من صحته ما ذكرتموه من الوقائع والأدلة التاريخية؛ لأن
"
17,snippet_diff_author_diff_corpus_dev_in,Gumar_483,01158,"رفعت راسها له وهو بعده على بعد خطواات منها واتسعت اعيونها للي شافته واول ما رفع حواجبه ابتسمت ابتسااامه ذوبت كل شي فيييه نزلت راسها تحت وهو يتقدم ناحيتها بابتسامه وقلبه ايرفرف
الي خلا نور تبتسم اهو شوفتها للحيه الي
"
17,snippet_same_author_same_doc,Hindawi_72,85807391,"فجزاه «ملك البربر» دقة بدقة ونكاية بنكاية، ورآه يستكثر عليه أن ينسب إلى العرب أو يسمى بخليفة المسلمين، فقال له: بل أنت الدخيل على أمة العرب وملة الإسلام فيما صحَّ لدينا من الأنساب التي لا تقبل الكلام!
وهكذا أصبحنا «خالصين»!
"
17,snippet_diff_author_same_corpus_dev_out,Hindawi_6,75730581,"الداء واضح وظاهر
الداء واضح وظاهر، لا يمكن أن يوجد شعب وحدته الفرد، إن الشعب ليوجد — أي الشعب — وحدته مجتمع أصغر، وما لم يكن أفراده منظمين بطريقة أو بأخرى في هذه المجتمعات الأصغر، فالنتيجة أن شعبًا كهذا ممكن
"
17,snippet_diff_author_diff_corpus_dev_out,Gumar_248,00669,"ضحكت سارا الله معك
ربى تناظر الغرفة سروي غرفتك تدفي
ابتسمت أكيد مو مثل دفى طلال
ضربتها بخفه وإحراج حمـ###
ضحكت يمكن عشان ألوانها تدرين ألوان الأحمر.. الأورنج مع البني ع قولتك تدفي لأنها ألوان حاره
لفتت نظرها المكتبة الخشبية
"
17,snippet_diff_author_same_corpus_dev_in,Hindawi_41,17979520,"وكان المعتضد في نحو الخامسة والأربعين، مديد القامة جهم الوجه، براق العينين، يكاد سنا برقهما يذهب بالأبصار. وكان على كبريائه وغروره داهية حاد الذكاء، باقعة في السياسة، شديد البطش جبارًا. كان أسدًا يفترس وهو رابض، وثعلبًا يعرف متى يثب ومتى
"
17,snippet_same_author_diff_doc_dev_out,Hindawi_72,80940683,"ومن المؤكد كذلك أن الإلحاح على البنية بالسهر والإجهاد والتعرض للمخاوف والمقلقات حائل دون الشفاء، ومدد جديد للعلة، ومعجل لظهورها قبل الأوان.
ومن كان ملكًا يصنع ما يروقه ويأبى أن يحاسب نفسه ويتعالى أن يحاسبه غيره أو يستمع إلى ثناء
"
13,main,Hindawi_48,91397502,"ويمكن أن تتلخص الأسباب لهذا المرض بهذه الجملة: «أنا لا أطيق العيش.»
اعْتَبِرْ أيها القارئ، أيها الأب، أيتها الأم، شابًّا في الخامسة عشرة أو السادسة عشرة قد أَرْهَقَتْه الدروس، وقد حرمه أبواه ضروب التسلية، مثل قراءة القصص أو ارتياد الدور
"
13,snippet_diff_author_same_corpus_dev_in,Hindawi_26,19139738,"كان هذا مثلنا لو أننا حسبنا العمل للاستقلال لا يزيد عن عرض القضية هنا أو السمو بها إلى المفاوضة في وزارة الخارجية البريطانية، حتى إذا عبس الخصم بعد أن ابتسم، وخشن بعد أن لان، ضاقت علينا الأرض بما رحُبت وظننا
"
13,snippet_same_author_diff_doc_dev_in,Hindawi_48,72614757,"على أن القارئ يجب أن يذكر — على الدوام — أنه لن يكون مثقفًا حق الثقافة ما لم يتعمق علمًا معينًا، يكسب منه التدريب العلمي والتميُّز بين الحقائق والبواطل، وهذا التعمق يجعله قادرًا على النقد في سائر المواد التي يدرس
"
13,snippet_diff_author_same_corpus_dev_out,Hindawi_133,69073918,"المنسر: (المخصص ج٦ آخر ص١٩٩) ما بين الثلاثين إلى الأربعين، سُمِّيَ بذلك لأنه مثل مِنْسَر الطائر يختلس اختلاسًا ثم يرجع ولا يزاحف، وأنشد:
تَقولُ لكَ الوَيلَاتُ هَلْ أَنْتَ تَارِكٌ
ضُبُوءًا بِرَجْلٍ تَارَةً وَبمنْسِرِ
أبو عبيدة: وهو المنسر.
(اللسان ج٧ ص٥٩)،
"
13,snippet_diff_author_diff_corpus_dev_out,Gumar_496,00604,"ولآ....
وتقول لي شغل وماشغل..!
وخلينا الى ان نرسي اساسيات المشروع...!
وكل هذا بس استغفال لي وتطلع هذي وتمشي هذي وانا يا غافلين لكمـ الله...
تدعي العدل بتصرفاتكـ...!
وانت آبعد شخص عنه يازوج الثلاث..!
بتال بـصرامه وصوتٍ غاضب\وش تقصدين بحكيك
"
13,snippet_diff_author_diff_corpus_dev_in,Gumar_44,00999,"ناصر يمسك يدينها ويمشي معها لباب الشقه .. ويفتح الباب ..
الا تنصدم بوجود بالونات وطورته ( كيكه ) كبيره بشكل عروس .. والمكان شكله رومانسي بجد الشموح الحمرا والبالونات والورد المبعثر بارجاء الغرفه ..
العنود بصدمه : وش ذا
"
13,snippet_same_author_same_doc,Hindawi_48,91397502,"وهناك الهستيريا — وهي بين النيوروز والسيكوز — وعلامتها التأثير في أحد أعضاء الجسم بالشلل مثلًا، أو بحركة معينة لها معنًى رمزيٌّ، كالاشتهاء الجنسي في المرأة المحرومة يؤدي إلى فالج أو حركات غير واضحة، وكالضابط في الجيش لا يُطِيق المعركة
"
13,snippet_same_author_diff_doc_dev_out,Hindawi_48,50539692,"«من هذا الشخص الغريب الذي يتكلم كلامًا غريبًا؟!»
كلفته أن يكون صريحًا، وأن يكون صارمًا في الحق، وأن يقول ما يعتقد، وكلفته فوق كل ذلك أن يعادي بغير أن يعرف كيف يعادي.
وثانيًا: كلفته أن يذيعها وأن يكتب عنها، وأن
"
25,main,Hindawi_107,38381358,"وعند ذلك هجم عزيز باشا على زينب يريد أن يختطف الكأس من يدها فاعترضهُ طاهر أفندي وقال: حافظْ على الشربة يا حسين باشا؛ لأجل التحقيق، فإنها تحتوي على مقدارٍ كبير من الزرنيخ، فأخذها حسين باشا وأَفْرَغَها في زُجاجتها وسَدَّها، وبقي
"
25,snippet_diff_author_same_corpus_dev_out,Hindawi_72,80940683,"ويُخيَّل إلينا أننا وصلنا في هذا العصر إلى حالة لا نتكلم فيها عن الحرية ولا عن الحجر على الحرية فيما يرجع إلى الفنون الجميلة، ولكننا نتكلم عن «البطر» في استخدام الحرية الفنية، فإن الشبع من الحرية قد وصل إلى حد
"
25,snippet_same_author_diff_doc_dev_out,Hindawi_107,60626970,"وعلى ذلك سواء كانت «حواء الجديدة» مشابهة لتلك الروايات (التي قيل: إن حكايتها مستمدة منها) قليلًا أو كثيرًا، أو غير مشابهة لها فلا أحسب قيمتها في حكايتها؛ لأنها بسيطة ولي غيرها من الروايات أفضل منها من حيث توقيع القصة، واستنباط
"
25,snippet_same_author_diff_doc_dev_in,Hindawi_107,85252495,"– المفتاح لم يزل مع ذلك المحتال الأول الذي اختفى خبره.
– اكسرها إذن وهات الحلي التي فيها.
فأعمل فون درفلت مُدْيَة في العلبة، وبعد الجهد الجهيد انخلع الغطاء، وكانت دهشتهما عظيمة إذ لم يجدا فيها حلى البتة، بل بعض
"
25,snippet_diff_author_same_corpus_dev_in,Hindawi_41,17979520,"عاش ابن زيدون بإشبيلية سنوات قلق النفس مضطرب الخاطر، لم ترتح نفسه للمعتضد وإن أغدق عليه، ولم يطمئن له قلبه وإن توالت مواهبه، لأنه كان من الصنف الذي يعطي من غير أريحية، ويبتسم من غير حبّ، ويسأل عنك من غير
"
25,snippet_diff_author_diff_corpus_dev_out,Gumar_425,00509,"ابو مهآ: العمر مآ هو مهم ..الأهم سعآدتهآ ورآحتهآ معه
هنادي( أي رآحه وبآسل هو زوجي.. يارب اجبرني في مصيبتي وأخلف لي خيرآ منهآ )
سحر:الله يقدم اللي فيه الخير
الكل: آمين
::
::
صباح اليوم التالي
مآغآدر مكآنه أبدآ
"
25,snippet_same_author_same_doc,Hindawi_107,38381358,"– شتان بيني وبين امرأتك، امرأتُك ذات حظ ولكنها بلا قلب، وأما أنا فذات قلب ولكني بلا حظ.
– صدقتِ، صدقتِ إن امرأتي بلا قلب.
– لا أدري كيف أنك تُطيقها في بيتك؟
– ماذا أفعل؟ إني أحتاج إلى ثروتها
"
25,snippet_diff_author_diff_corpus_dev_in,Gumar_12,00017,"وليد وهو منسدح وساند ظهره على ظهر السرير: ايوه زين..
ملاك بقصد: وبصراحه ارتحت لبنت عمك رغد..
وليد وهو يشرب مويه بعد البندول شرق فيها: كح كح..ايوه رغد..
ملاك راحت وجلست جنبه: بصراحه هالبنت مره حبوبه..
وليد يصرف: ايه..ايه..يله ما
"
36,main,Gumar_425,00510,"هـــنــآدي & بــآســل
فرت هآربه من العيون التي تلآحقهآ ... رمت نفسهآ على الكنبه بقوه وارتفع صوت بكآهآ منظر فرح وهي تعآنق أبوه ألمهآ وجدد أحزآنهآ أقتربت لحظة رحيلهآ عن حضنهآ
لحقتهآ روآن وشوق .. رفعت راسهآ وصرخت : لآآآ
"
36,snippet_same_author_diff_doc_dev_out,Gumar_425,00509,"قربت بسرعه ولهفه والخوف يسبقهآ:هنآدي حبيبتي ويش فيك
رفعت رآسهآ وكآن وجههآ متورم ومحمر جدآ من البكآء ..حست روحهآ بتطلع من صدرها قبل تنطق باللي قاله فهد
رغد زآد خوفهآ لما شافت وجهها: بسم الله عليك ...ايش فيك ياحبي ""مسكت
"
36,snippet_diff_author_diff_corpus_dev_in,Hindawi_105,49741351,"قد كان ربّان السفينة فيما مضى يكفيه العلم بالبحر حسبما شاهد وجرب، واستفاد ممن سبقوه تجربة ومرانة، ولكن ربّان السفينة اليوم أصبح لا بد له من علم بجانب التجربة، لا بد له أن يعلم «علم البحر» بعد أن صار علمًا،
"
36,snippet_diff_author_same_corpus_dev_out,Gumar_248,00669,"بنبرة غيرة مشتعلة دقي على أخوك وخبريه الأشياء المهمه ست تاله
وقفل السماعه
قفلت التلفون بضيق يالله يا ربييييي
يلدا بعد صمت مين هذا تاله؟؟
احمم عبدالله أخو لتين كان معصب ما أدري وش فيه
آهااا
قامت أنا بروح أشوف
"
36,snippet_diff_author_same_corpus_dev_in,Gumar_69,00763,"التفتوا لما سمعوا صوت طق الباب.... دخلت البندري وقالت: وش صاير
وقف سعد وراح للبندري وضمها وقال: بندري... سامحيني يا أختي
البندري مصدومه.... بعدها سعد عنه وحط يده بخدها وقال: سامحيني يا بنوو أنا عذبتس كثير وأنتي ما تستاهلي إلا
"
36,snippet_same_author_diff_doc_dev_in,Gumar_425,00507,"مها : ياربي شكل ضغطي كل يوم بيكون h
هنادي : المشكله يامهاوي انك انتي تجبينها على نفسك .. قبل ترد عليهم دق جوالها
مها بنبره حقد : افرحوآ بندر انقذكم مني والا كنتم بتشوفون وجهي الثاني
يــــــوم شوفــــة شـــهــــد
"
36,snippet_same_author_same_doc,Gumar_425,00510,"{ فــهــد }
القسوه لآ تعني البرود او بلآدة الأحسآس .. فـ الحيآه تُركبنآ بظروفهآ واحدآثهآ وزمآنهآ ..يؤلمني مآ كنت عليه في المآضي لكن الأن رآضي تمآم الرضا عن نفسي وحيآتي يكفي ان معي أنسآنه اكسبني الزمآن قلبهآ وتضحيتهآ خير
"
36,snippet_diff_author_diff_corpus_dev_out,Hindawi_107,60626970,"(٢)
ظن بعضهم أني أبتغي تبرئة الفتاة الزانية، وهو ظن خاطئ فما هو مستدل من فحوى الرواية، وفي مقدمتها نص صريح على أنها غير بريئة، وعلى أن شريكها في الإثم مذنب مثلها يجب أن يعاقب عقابها.
نعم إن لسان حال
"
3,main,Hindawi_7,81709058,"وما ذنب هذا الفتى؟
لحظات اختلطت فيها كل هذه الأهوال في كيان إسعاد واختمرت وانفجرت وماتت إسعاد.
لحظات لم يجد فيها معتز الفرصة ليسأل أمه عما بها. وإنما أعاد الجملة ورأى الهول على وجهها فراح يتابع القراءة لعله يعدو بها
"
3,snippet_same_author_diff_doc_dev_out,Hindawi_7,46851305,"– إذن فصحيح ما سمعته عن خطف بنت العمدة؟
– وماذا نفعل يا سعادة البك؟ منصور أخونا ومن لا يحمي أخاه فليس رجلًا.
– ولكن العمدة رجل مسكين.
– أصابه سكين، وما له لم يكن مسكينًا في الانتخابات وأمام النيابة؟
"
3,snippet_diff_author_same_corpus_dev_in,Hindawi_56,39714175,"في أول هجمات الليل ابتدأ النِّزَاع، فشعرت مرغريت إذ ذاك بخوف هذه الوحشة الهائلة وحدها، وعند انتصاف الليل استدعتْ والدتَها وأجلستها في ركن من الغرفة، وبقيت هي بجانب السرير الذي كان لم يزل يحتوي على آثار تلك الروح الراحلة إلى
"
3,snippet_same_author_same_doc,Hindawi_7,81709058,"•••
وفي العزاء حرص نديم أن يجلس إلى جانب معتز.
– طبعًا أبلغك سعد عن الحديث الذي دار بيننا.
– أقسم لك بحياة أبنائي أن صلتي بوالدتك …
– عرفتُ كل شيء، وأشكرك، وأعتذر لك ولسعد.
– شكرًا.
– وسيأتي
"
3,snippet_diff_author_same_corpus_dev_out,Hindawi_10,37520352,"ولا يهمل فرح الفلاسفة؛ فيعرفنا بأوغست كونت وفلسفته الحسية، كما أذاع سيرة فيليكس فور تحت هذا العنوان: «من معمل الدباغة إلى رئاسة الجمهورية»، ثم لم ينس العلم؛ فترجم لبرتلو هاتفًا: «المجد للعلماء.»
وعلى قلة بضاعته من الشعر نراه يحدد حافظ
"
3,snippet_same_author_diff_doc_dev_in,Hindawi_7,90740479,"فأنبأها حسام متلاحق الأنفاس، وطلب إليها أن تسأل الأطباء إن كان يمكن أن يبلِّغا خالته، وجمعهما الخَطْب، وتبادلا جملًا متقطِّعة عما يجب أن يفعلاه، دارت هذه الجمل عن المرض وعن السجين، وأحسَّ حسام من هذا الحديث القاتم إشراقًا ينساب إلى
"
3,snippet_diff_author_diff_corpus_dev_in,Gumar_425,00510,"أم يوسف: اقول شوق هذي صديقة هنآدي ؟
شوق:أيوه وتصير قريبة وليد زوج رغد .. بس ليش تسألين
ام يوسف ابتسمت: تبين الحق البنت عآجبتني نآعمه وحلوه ابي اخطبهآ لولدي مآجد
شوق ابتسمت: الله يكتب اللي فيه الخير مآراح تلاقون
"
3,snippet_diff_author_diff_corpus_dev_out,Gumar_12,00016,"مها: ايوه سليمان...لو يصير له جرح بسيط اخاف عليه..واخاف اني افقده..اخاف اني ما عاد اشوفه مره ثانيه....اخاف انام وبكره اصحى وما احصله ..ما ادري ليه افكر كثير بهذا الشي..بسم الله عليه الله يحفظه ويخليه لنا...
ريم: امين...
مها: سليمان حبيبي
"
23,main,Hindawi_99,30715961,"وكائنة ما كانت الزاوية التي ينظر منها الناقد إلى العمل المنقود، فلا يجوز أن يجيء كلامه خبطًا وخطفًا، كأنه المسافر العجلان يُسرع الخطى ليلحق بالقطار، والقطار هنا هو الصحيفة اليومية أو الدورية أو هو الراديو أو التليفزيون، يَتعجَّله أن يكتب
"
23,snippet_diff_author_diff_corpus_dev_in,Gumar_796,00967,"جات بتشله تذكر شئ:بس وحدي بشله جلسي إنتي علشان البيبي إلي فبطنك..
إبتسمت وجلست وهي تحمد ربها إنهاتزوجت واحد حنون مثل سالم يذكرها بحنان أبوها وأخوانها وخصوصـا البيــان
,,,,,,,,,,,,,,,,,,,,,,,,,,,,,,,,,,,,,,,,,,,,,,,,,, ,,,,,,,,,
بيت أبومالك>>الصلت
دخل الغرفه ونومه وجا بيطلع إبتسم:نام على جلسته..
"
23,snippet_same_author_diff_doc_dev_in,Hindawi_99,90938482,"قلت: ماذا تعني؟
قال: أعني ما قلته، أعني أن عبء الحياة ثقيل، حتى إن بلغت من المجد عنان السماء، وأن الروابط التي تشدُّنا إلى عبئها إن هي إلا أنفاس من هواء، لكن كتم الأنفاس يتطلب الفيلسوف.
قلت: يا صاحبي إن
"
23,snippet_diff_author_same_corpus_dev_out,Hindawi_133,69073918,"المنسر: (المخصص ج٦ آخر ص١٩٩) ما بين الثلاثين إلى الأربعين، سُمِّيَ بذلك لأنه مثل مِنْسَر الطائر يختلس اختلاسًا ثم يرجع ولا يزاحف، وأنشد:
تَقولُ لكَ الوَيلَاتُ هَلْ أَنْتَ تَارِكٌ
ضُبُوءًا بِرَجْلٍ تَارَةً وَبمنْسِرِ
أبو عبيدة: وهو المنسر.
(اللسان ج٧ ص٥٩)،
"
23,snippet_diff_author_diff_corpus_dev_out,Gumar_169,00492,"فتحت عيونها وهي تسمعه يهمس وكانه ذكرها بهمسه البارحة..
نواف/ياسمين وين سرحانة؟
ياسمين بارتباك/انا مو سرحانة؟
نواف/غريبة ساعة وانا اكلمك وانتي مو معي...
ياسمين بارتباك/ها..
نواف بتقصد/أي والله...
ياسمين/شكنت تقول؟
نواف/كنت اقول وحشتيني وبمر اخذك الليلة ..
قاطعته بصرخة خلته
"
23,snippet_same_author_diff_doc_dev_out,Hindawi_99,96404636,"لقد رأيت بعينَي رأسي — إذ كنت في لندن — وزيرًا في الوزارة الإنجليزية الحاضرة (مستر نويل بيكر) كان يُمثِّل حكومته في جمعية الأمم المُتحِدة، رأيته بعينَي رأسي ذات يوم، حين آن أوان الشاي في العصر، ينزل إلى طابق البناء
"
23,snippet_same_author_same_doc,Hindawi_99,30715961,"والذي يعنينا في هذين الموقفَين، هو أن أحدهما استنباطيٌّ يبدأ بالمذهب ثم يهوي به على رءوس الأعمال، فإمَّا خضعت لمذهبه أو فليقذف بها إلى الجحيم. وأمَّا الآخر فهو استقرائيٌّ يبدأ بالأعمال الجزئية ذاتها ليُعالِجَها بما تقتضيه خصائصها الخاصة المتفرِّدةِ المتميزة،
"
23,snippet_diff_author_same_corpus_dev_in,Hindawi_7,81709058,"وما ذنب هذا الفتى؟
لحظات اختلطت فيها كل هذه الأهوال في كيان إسعاد واختمرت وانفجرت وماتت إسعاد.
لحظات لم يجد فيها معتز الفرصة ليسأل أمه عما بها. وإنما أعاد الجملة ورأى الهول على وجهها فراح يتابع القراءة لعله يعدو بها
"
6,main,Hindawi_21,26204847,"وقد نمت بوادر فلسفة إنسانية جديدة نابعة من الحركات التحريرية ضد الحضارة الرأسمالية الأبوية غربًا وشرقًا، وهي فلسفة بسيطة واضحة متسقة مع المنطق الطبيعي السليم، أساسها البديهيات التي طُمست منذ العبودية، على رأسها أن الحق فوق القوة، والشعب فوق الحكومة،
"
6,snippet_diff_author_same_corpus_dev_in,Hindawi_10,71490515,"تطبيق
(١) مصدر النص. (٢) صفاته العامة: خيالي، تأمل، رؤيا، وصف، هجو، قصف …إلخ. (٣) المدخل؛ أي سبب الكتابة. (٤) الرسم، وتتفرع منه الفكرة العامة ووحدة الموضوع. (٥) تبيين المحاسن والعيوب وبيان الصور البديعة والمستهجنة. (٦) اللغة وما يتبعها، كما
"
6,snippet_diff_author_diff_corpus_dev_in,Gumar_248,00311,"رمت نفسها ع السرير عالمخده وهي تبكي من قلب
فارس ضرب الجدار بيده من القهر اخخخخ يا دلال لو أشوفك قدام عيني
طلع لقى الصور منثورة لف وجهه لو ما يخاف من ربه كان شافها وملى حرته منها
طلع لرنا
"
6,snippet_same_author_same_doc,Hindawi_21,26204847,"لهذا بدأت الشعوب في العالم الثالث، أو ما سمي الجنوب، ترفض هذه المعونات والقروض، فهي تستنزف الكرامة والموارد المادية تحت اسم تسديد فوائد الديون، وارتفع شعار «عدالة التجارة وليس المعونة Fair Trade and not Aid»، وتزايدت المظاهرات الشعبية لإلغاء ديون العالم
"
6,snippet_same_author_diff_doc_dev_out,Hindawi_21,49386150,"– وإيه أخبار فؤادة؟
– فؤادة في الخيمة.
– فكرت أزورها لكن خفت يضربوني بالطوب.
– ليه يضربوكي؟
– إنت عارف ليه؟
– عشان غيرت أقوالك يا كوكب؟
– أيوه.
– كلنا بنغلط، المهم عدم الاستمرار في الخطأ.
– جلال
"
6,snippet_same_author_diff_doc_dev_in,Hindawi_21,62618150,"ويتساءل خبير من السويد: ما معنى «مَنْ ملكت اليمين»؟
ويرد الخبير الباكستاني: يعني الجواري والعبيد من النساء.
ويصيح الخبير السويدي: هل لا يزال عندكم عبيد؟ ألم يتم تحرير العبيد منذ القرن الماضي؟
ويرد خبير من فرنسا: أتعرفون السبب الأساسي للانفجار
"
6,snippet_diff_author_same_corpus_dev_out,Hindawi_56,51305974,"متاتياس (يتنحنح كعادته ليقول شيئًا خطيرًا): وكم دفعت ثمن الأرغن الذي جئتَ به البارحة؟
شفيق (بتأدب): هذا أمر لا يعني غيري.
متاتياس (يغضب حقيقة هذه المرة): شئونك المالية لا تعنيني؟
شفيق (ينجح في أن يكون هادئًا كالأول): إنها لا تعني
"
6,snippet_diff_author_diff_corpus_dev_out,Gumar_435,00533,"العنود:لا تقول لإخواني الله يخليك
مصعب:انا ما راح أقول غير انسي السالفه هذي وحلا رشحتك لي وآنا الصراحه انعجبت فيك كثير من كلام حلا عنك وانعجبت أكثر لما عرفت انك حولتي منازل علشان تديرين أبوك وتنتبهين عليه واللي يسوي كذا
"
15,main,Hindawi_60,50961848,"وقد تكالبت الأمراض على «ويتمان»، ولكن ذلك لم يمنعه من مواصلة إنتاجه؛ فإلى جانب الطبعات المزيدة من «أوراق العشب»، أصدر عدة دواوين منفصلة أخرى؛ منها «نُهيران» (١٨٧٤م) و«أغصان نوفمبر» (١٨٩١م)، كما صدر له كثير من الكتب النثرية التي تضم مقالاته
"
15,snippet_diff_author_same_corpus_dev_in,Hindawi_48,72614757,"والقارئ لهذا الكتاب قد يحس أننا نُكبر من شأن الثقافة كأنها فوق الحياة، وأننا يجب أن نعيش لنقرأ، وليس شك في أن هناك أشخاصًا يفعلون ذلك؛ أي إن التثقيف قد أصبح الهواية التي تحتوي كل حياتهم، وهم سعداء بالجهد الذي
"
15,snippet_same_author_same_doc,Hindawi_60,50961848,"وقد جُمعت رسائله الموجَّهة إلى امرأتَين، ونُشرت عام ١٩٨٣م.
توم وولف WOLFE, Tom (١٩٣١م–…)
اشتهر بوصفه عاملًا أساسيًّا فيما يُطلق عليه «الصحافة الأدبية» الأمريكية، ورمزها ما كانت تحتوي عليه مجلة «نيويوركر» من: البحث المتين، والنثر المركَّز، وموضوعية الكاتب وحياده في
"
15,snippet_same_author_diff_doc_dev_out,Hindawi_60,39308197,"وخرجتُ وصديقي من هذا المتحف الرائع ونحن نتمنَّى دِعاية أكثر له في أوساط الشباب من الطلبة الذين لا بُدَّ وأنهم يدرسون أحمد شوقي في مرحلة من مراحل تعليمهم، وما يمكن للمدارس والكليات من تنظيم زياراتٍ لهم إلى هذا المتحف للاستفادة
"
15,snippet_diff_author_same_corpus_dev_out,Hindawi_41,97031861,"ملكت عنان النصر ثم خذلتني
وحالي بمرأى من علاك ومسمع
فلم أتلق منه إلى هذه الساعة جوابًا، وقابلني البيساني فهز رأسه في خبث، وقال: لم أر أعجب من قصيدتك للناصر، لقد غلبت فيها مدحك للفاطمين على مدحه.
– استمر في
"
15,snippet_same_author_diff_doc_dev_in,Hindawi_60,93949194,"Naddaff, Sandra: Arabesque: Narrative Structure and the Aesthetics of Repetition in the 1001 Nights, Northwestern University Press, Illinois, 1991.
Nicholson, R. A.: A Literary History of the Arabs, Cambridge University Press, Reprint 1988.
Nykl, A. R.: A Compendium of Aljamiado
"
15,snippet_diff_author_diff_corpus_dev_out,Gumar_425,00509,"رغد تمسح دموعها: ريمآ خليك قويه أكثر ..هذآ اللي ربي كآتبه لهآ
هنادي قآمت دخلت غرفتها رمت نفسها على السرير غمضت عيونها الحارقه مثل الجمر من كثرت بكآئهآ وذرفهآ للدموع ...صوتها أصبح مبحوح بسبب شهقاتها المتلاحقه ...ازعجتها نغمة جوالها ..سحبته
"
15,snippet_diff_author_diff_corpus_dev_in,Gumar_496,01072,"وبإذن الله سوف يأتيهم ذاك الطفل قريباً...
.
.
.
الأرصفه...صنعت للمنتظرين...!
..
.
الأرصفه...صنعت للمنتظرين...!
.
.
.
فتحت عينيها وبقت تنظر لـسقف وهي تشعر بـ أن الحمل متعب جداً لأنها بدأت تشعر بـحركته...
وضعت يدها عليه...وهي تردد أذكار
"
39,main,Gumar_496,00603,".
.
.
تلك الاهداب..!
حقيقه.!
طيلة الايام الماضيه..أكاد اقسمـ..بأنها غير حقيقه..؟
لكن اليومـ..أقسمـ..ببرائتها من اتهامي...
.
.
.
آنفاسي تكاد تهرب مني ويستوطن الاختناق روحي..من الارتباك..
ماتلك الوسامه المتفجرهـ..فيه..
لأأول مرهـ..أراه هكذا..بذاك القرب الشديد...
ملامحه..!
يالله...
عينيه الواسعه..
من
"
39,snippet_same_author_same_doc,Gumar_496,00603,".
.
.
آرتباك ملوك وهي تأخذ كوب العصير من الصينيه الممدودهـ لها من الخادمه من ثمـ تمده له بحترامـ
غلفه خجلاً قاتل...
عناد ببحه\كيفك الحين ..ان شاء الله أرتحتي من ألاول..
آبتسامه باهته تعانقها وهي تهز رأسها وكئنه لم
"
39,snippet_diff_author_diff_corpus_dev_in,Hindawi_82,15792571,"يا خد إنك إن توسد لينًا
وسدت بعد الموت صم الجندل
فامهد لنفسك ساعدًا تسعد به
فلتندمن غدًا إذا لم تفعلِ
فانتبهت فزعًا، فخرجت من ساعتي هاربًا إلى ربي.
عبد الواحد بن زيد والمرأة الحكيمة
قال عبد الواحد بن زيد:
"
39,snippet_same_author_diff_doc_dev_out,Gumar_496,00604,"وتقللـيين احترامي بـتسكيرة الخط بوجهي ..
ومأكأنك تكلمين زوجك الي احترامه وتقديره واجب عليك..
.وش خليتي لـبنت الاربع طعش من الجهل وحركات المراهقات...؟
.
.
.
مراهقات يازوج الثلاث..
لـيس هناك مراهقاً سواك...
تذهب برحلة علاج
لتلك التي تضج حياة...
"
39,snippet_diff_author_same_corpus_dev_out,Gumar_230,00292,"فيصل بصوت اعلى: انا بخيرر طمني عن شوووووق.
الدكتور:..شـ،و.,......
قاطعه دخوول النيرس..
النيرس:دكتورررر دكتور تعال بسررعه المدام الي بالعنايه بدينا نفقدها ووضعها صعب.( تقصد شوق)
فيصل:؟؟؟؟؟؟!!
الدكتور وهو متجه للباب يطلع: عن اذنك عندي حاله طالرئه.
فيصل: دكتور لحظه..؟ وهو
"
39,snippet_diff_author_diff_corpus_dev_out,Hindawi_22,60929519,"ولما استأنف عمله أقبل عليه في جدٍّ وبِشْر، وكان كل مَنْ يلقاه يقرن تحيته بالتهنئة على ما أفاد من الصحة في لبنان.
وكانت طنطا محببة إلى فؤاد منذ كان صبيًّا، كان يزورها مع أبيه في أيام المولد فيقضي بها أيامًا
"
39,snippet_diff_author_same_corpus_dev_in,Gumar_796,00967,"ناظرته بألم فهو من أيام مريض:موجود حبيبي اجيبه..
هز رأسه بـ أيوه
توجهتتجيب خالد إلي يلعب فالصاله لكن صوت الجرس وقفها توجت للباب وفتحته
:السلام عليكم..
أبتسمت:وعليكم السلام يا هلا بأبولؤي..
طارق:كيف الحال يا بنت العم..
لمار:الحمدلله..
طارق:إذا ما عليك
"
39,snippet_same_author_diff_doc_dev_in,Gumar_496,01071,"أمسك كفيها المحتضنه ذراعه بشده وبهمس \ ما أضرب النسوان ولآ تجين أنتي في وجهي الحين وأحط كل مبادئي
ورا ظهري عشان خواتي أخوك يدري ان خواتي خط أحمر مايقبل العذر ومع كذا ضربها وفي بيتي ..!
كان يمسك ذراعيها
"
13,main,Hindawi_48,72614757,"على أن القارئ يجب أن يذكر — على الدوام — أنه لن يكون مثقفًا حق الثقافة ما لم يتعمق علمًا معينًا، يكسب منه التدريب العلمي والتميُّز بين الحقائق والبواطل، وهذا التعمق يجعله قادرًا على النقد في سائر المواد التي يدرس
"
13,snippet_diff_author_diff_corpus_dev_out,Gumar_44,00570,"مضاوي بدلع : انا مريضه ..
ليلى : خلاص مشي وصرتي تعرفين تمشين وش ناقصك ؟
مضاوي : اقول فارقيني ياليلى ..
ليلى : يالله بفارقك بس يالله عساني اشوفك يا مضاوي ببيت زوجك تامرين على اعيالك وتفكينا من اوامرك
"
13,snippet_same_author_same_doc,Hindawi_48,72614757,"والراغب في التثقيف الذاتي سيأخذ أولًا في التعميم، ويتعرف إلى مختلف الفنون والعلوم، ولا غبار عليه في ذلك؛ فإنه سيمد مجساته الذهنية إلى مختلف الموضوعات، كأهداب الحشرة، حتى يقع على الغذاء الذي يحب، أي حتى يهبط على المادة التي تحملنا
"
13,snippet_diff_author_diff_corpus_dev_in,Gumar_214,00825,".. في لندن ..
على كثر خوفها وارتباكها إلاا إنها منحرجة من قربها منه .. حاضنته من تحت الجاكيت ودافنة ويها في صدرة علشان محد يجوفها .. وأختها ما كانت أحس حال منها .. الإحراج عندها أكثر من خوفها وتوترها
"
13,snippet_diff_author_same_corpus_dev_out,Hindawi_74,40915851,"فالتفت طارق إلى يوليان كأنه يستطلع رأيه فقال يوليان: «إن الفتاة مخطوبة وهذا خطيبها» وأشار إلى ألفونس.
فقال بدر: «لا يهمني؛ فإن الخطبة يسهل حلها.»
فحمي غضب يوليان لهذا الجدال وضاق صدره فقال: «لقد أطلت الكلام بلا طائل، إن ابنتي
"
13,snippet_same_author_diff_doc_dev_out,Hindawi_48,50539692,"ونحن هذه الأيام نلعن الساسة الذين أقحمونا في حرب فلسطين في سنة ١٩٤٨ بلا استعداد، وعرفنا أن أعضاء البرلمان الذين كانوا على دراية بالنقص في أسلحتنا وأعتدتنا سلموا مع ذلك وقبلوا هذه الحرب؛ لأنهم انقادوا للعامة والغوغاء وأحجموا عن المعارضة
"
13,snippet_diff_author_same_corpus_dev_in,Hindawi_133,80268240,"أبدت لي الصد والملالات
منحتُها مهجتي وخالصتي
فكان هجرانها … مكافاتي!
هيَّمني حبها، وصيرني
أحدوثة في جميع جاراتي
رأيت في المنام تلك الليلة، كأن آتيا أتاني فقال: ما أصبت أحدًا تدخله بينك وبين عتبة، يحكم لك عليها بالمعصية إلا الله
"
13,snippet_same_author_diff_doc_dev_in,Hindawi_48,91397502,"وربما كانت البارانويا أبسط أنواع السيكوز؛ فإن السيكوزي هنا ينظر النظر الوجداني الموضوعي لكل شيء إلا في نقطة واحدة يختل فيها وجدانه، فقد كانت الكاتبة مي تعتقد أن هناك عصابة تنوي خطْفها من مصر وحَمْلها إلى سورية، وقد عَيَّنَتْ لي
"
20,main,Hindawi_82,52849381,"############################################################
غسان بن جهضم وزوجته أم عقبة
كان غسان بن جهضم مفتونًا بحب ابنة عمه أم عقبة، وكانت من أجمل النساء وأحسنهن وأفضلهن خصالًا، فلما حضرته الوفاة جعل ينظر إليها ويبكي، ثم قال لها: إني منشدك أبياتًا أسألك فيها عما
"
20,snippet_same_author_diff_doc_dev_out,Hindawi_82,79405794,"وقيل لأحدهم: أي الجنن أوقى؟ قال: العافية.
وقيل لآخر: لو استرحت؟ فقال: كفى بالأجل حارسًا.
وصف الدروع
قال المتنبي:
يَخُطُّ فَيهَا الْعَوَالِي لَيْسَ يَنْفُذُهَا
كَانَ كُلُّ سِنَانٍ فَوْقَهَا قَلَمُ
ويستحسن لابن المعتز:
كَأَنَّهَا مَاءٌ عَلَيهِ جَرَى
حَتَّى إذَا مَا غَابَ
"
20,snippet_diff_author_diff_corpus_dev_in,Gumar_44,00057,"مااتت وبدااخلها كلام عيت افهمه .. مااتتت الغاليه مااتت ومااات معها حبهاااا ..
اااااااااه يا انجود ...
غانم انهااااااااااررر ودخل العناايه وطارق وغاليه ضلوا عنده وغاليه ما قدرت تتحمل الصدمه ..
وهي تفكر وتقول لا يكون انجود اسمعت كلامي مع
"
20,snippet_same_author_diff_doc_dev_in,Hindawi_82,38246146,"العذر يلحقه التحريف والكذب
وليس في غير ما يرضيك لي إرب
وقد أسأت فبالقمى التي سلفت
إلا مننت بعفو ما له سبب
وقال بعض الحكماء: شافع المذنب خضوعه إلى عذره، وقال بعض الشعراء:
اقبل معاذير من يأتيك معتذرًا
إن برَّ
"
20,snippet_diff_author_diff_corpus_dev_out,Gumar_796,01047,"توجه الهجرس للخارج والإبتسامه على شفتيه أخيرا ستعود عشقي إلى أحضاني جوارس أنتظريني
يالله عفوك يوم تصفية الحساب ..
.. يوم حصاد لما زرعنا في السنين
يوم الحشر قرب ولا معنا زهاب ..
.. اليوم في الدنيا وبكرة راحلين
نجني
"
20,snippet_diff_author_same_corpus_dev_out,Hindawi_72,80940683,"على أن الاسم القديم — وهو الخرف المبكر Dementia praecax — لا يزال هو المعوَّل عليه في التعبيرات العلمية، ودلالته على أنواع المرض كلها وأسبابه جميعًا أوسع وأصدق؛ لأن هذا الاسم يدل على الإصابة بالمرض في سن الشباب قبل بلوغ الشيخوخة،
"
20,snippet_diff_author_same_corpus_dev_in,Hindawi_7,81709058,"•••
قال معتز: دادا، أين فهمي عبد الموجود وحسنين كرم؟
– موجودان.
– أين؟
– إن فهمي يعمل طباخًا عند فرغلي.
– أين؟
– عند فرغلي.
– أمتأكدة؟
– يا ابني إنه يزورني دائمًا، هو وحسنين لم ينقطعا عنا إلا
"
20,snippet_same_author_same_doc,Hindawi_82,52849381,"سكنَّ ببلدة وسكنت أخرى
فقطعت المواثق والعهود
فما بالي رقيق القلب حبًّا
وما بالي أُصاد ولا أصيد
أناس كلما أخلقت وصلًا
عناني منهم وصلٌ جديدُ
############################################################
مسعدة بن وائلة ورملة بنت أثيلة
صادف مسعدة بن وائلة الصادمي فتاة حسناء قادمة
"
24,main,Hindawi_105,59615307,"وسببٌ ثالث: وهو ضعف النقد الأدبي في مصر، وأنه ليس خاضعًا لقواعد وأصولٍ وتقديرٍ صحيح بقدر ما هو خاضعٌ للهوى.
وأيًّا ما كان، فلسنا يائسين ولا ناكرين لفضل الأدباء الحديثين، فنحن إذا نظرنا إلى حالتنا الأدبية من سنين وحالتنا اليوم
"
24,snippet_same_author_diff_doc_dev_out,Hindawi_105,59616186,"وما لنا نذهب بعيدًا والعصر الذي نسميه مظلمًا أنتج مثل «الجبرتي» الذي دون من الأحداث وتاريخ الرجال في عصره ما لم نفعله نحن في عصرنا.
أما كتبنا نحن فقد عَمَدْتُ إلى خيرها وأخرجت منه ترجمة رفاعة (بك)، فوجدته يسرد ولادته
"
24,snippet_diff_author_diff_corpus_dev_out,Gumar_425,00509,"قربت بسرعه ولهفه والخوف يسبقهآ:هنآدي حبيبتي ويش فيك
رفعت رآسهآ وكآن وجههآ متورم ومحمر جدآ من البكآء ..حست روحهآ بتطلع من صدرها قبل تنطق باللي قاله فهد
رغد زآد خوفهآ لما شافت وجهها: بسم الله عليك ...ايش فيك ياحبي ""مسكت
"
24,snippet_diff_author_same_corpus_dev_out,Hindawi_71,60473902,"وانتصف النهار، أحس فيلسوفنا الجوع والظمأ، فيسأل الطائر: من لنا بطعام وشراب؟ قال بريبيش: والعلبة التي أهداها إليك أمس دروكلكسيس أين هي؟ هي معي. إذن فأخرجها وافتحها، فيخرج العلبة ويفتحها فلا يروعه إلا فتاة ظريفة قد خرجت منها مبتسمة محيِّية
"
24,snippet_same_author_diff_doc_dev_in,Hindawi_105,81902572,"يضرب بلطة: تعبير يقولونه لمن يتمشى سبهللا؛ أي لا لغرض.
يعملها الصغار، ويقع فيها الكبار: تعبير يعني أن الشيء يأتيه الصغير، ويقع فيه الكبير، كقول العرب «معظم النار من مستصغر الشرر.»
يضيع المستكي، ويحافظ على الورقة: تعبير يعني أنه يضيع
"
24,snippet_same_author_same_doc,Hindawi_105,59615307,"وتطلعت نفسي للكتابة في الصحف، فاخترت جريدة «المؤيد» لأكتب فيها، وكنت في السنة الثانية من مدرسة القضاء، وأول مقالة كتبتها كانت أثر انتقال سعد باشا من وزارة المعارف إلى وزارة الحقانية، فكتبت مقالة عنوانها «خطأُ العقلاء» أبين فيها خطأ سعد
"
24,snippet_diff_author_same_corpus_dev_in,Hindawi_41,17979520,"فما حال مَن أمسى مشوقًا كما أضحى؟
ألا هل إلى الزهراء أوْبةُ نازحٍ
تقضّى تنائيها مدامعه نزحا
محل ارتياحٍ يذكُر الخلد طيبه
إذا عزّ أن يصدَى الفتى فيه أو يضحى
وحمل إليه البريد خبر موت نائلة فذهبت نفسه عليها حسرات،
"
24,snippet_diff_author_diff_corpus_dev_in,Gumar_496,00603,"والا هي داريه واثقه انها ماتقدر توقف قبالي..
لآفي الجمال.ز ولآفي شي ثاني ..تقدر تنافسني فيه..
وش له ها الثقه الزايدهـ...
الا هي شايفه الاوكيه منك ولو بنظرهـ..
انا الي العب الناس في ميداني..
تجيني هي تبي تطردني من مكاني..!
"
35,main,Gumar_248,00311,"محمد رندوو من جد
رندا هههههههههههه عادي بس بالجامعة
محمد نزل من الطاولة ووقف عند دربزان البلكونة يا فرحتك يا محمد أختك استخفت
رندا ههههههههههههه حمود على اتفاقنا متى رايحين
محمد ابتسم شور ... عطيني زوجك
رندا طيب تنادي سلطان
"
35,snippet_same_author_diff_doc_dev_out,Gumar_248,00669,"داليا برعب ارتسم بوجهها لا أنا مـ...
ضربت رجولها بالأرض مو أنا
شفت بعينك كذبها أنا اللي تهزأت وبالأخير طلعت الست قاعده تتسلى فيني
وافي يناظرها وهو ساكت
داليا امشي قدامي
داليا بخوف وافي مـ...
صرخ فيها قلت امشي قدامي
"
35,snippet_same_author_diff_doc_dev_in,Gumar_248,00312,"الكل آميين
ام سامي ابتسمت لها وأنتي شلونك حبيبتي
رنا الحمد لله أحسن
شالت بنتها يا عمري فديت نسخة أمها
هشام ابتسم اجل هذي دلوعتي الحين بدل رنو
الكل ههههههههههههه
دخلت هاله أبشركم سعود جاه مشاري
رنا مشاري ولجين يا
"
35,snippet_diff_author_diff_corpus_dev_out,Hindawi_22,60929519,"فقال في نفسه: ألم أفكر في ذلك حقًّا؟
ثم قال لها باسمًا: ستبحث لي علية عن زوجة ترضاها.
فقالت الأم في نغمة عتاب: أتخطب لك دوني؟ وهل تعرفك علية أو غيرها كما أعرف ابني؟
فقام فؤاد فقبَّل رأسها ويديها قائلًا:
"
35,snippet_diff_author_same_corpus_dev_in,Gumar_425,00507,"يوسف : معك حق
شهد : عن أذنك .. ومشت وسكرت الباب ورآها وتنهدت وهي تطالع بيدها اللي لمسهآ وتحطها على خدهآ همست بينها وبين نفسها : أحبــــك
بــعـــد ســــــنــــــه
غيرت مجرى حيآة ابطالنا .. كانت صدماتهآ اكبر من أنها
"
35,snippet_same_author_same_doc,Gumar_248,00311,"رنا صحيح دلال تستاهل بس شي شنيع اللي بالصور وقفت وطالعت بفارس بعتاب
فارس ما تحمل نظرتها رنوو ليه تطالعيني كذا بدل ما تشكريني أخذت من البلى حقك ومو كله لسى الأيام بيننا
رنا وقفت قدامه ونظرة عيونها تعذبه عتاب
"
35,snippet_diff_author_diff_corpus_dev_in,Hindawi_37,26020959,"دفق الكواكيرو كأسًا مترعة من الدنبا ومسح رغوتها بظهر كفه، علِق على شاربيه بعض شراب الأناناس الرائع.
– لست سكرانًا، أنا لا يسكرني بحر من الدنبا، لا تسكرني غابة من عرق النخيل.
هذه جبهة جديدة للحرب والموت ابتدعها الكواكيرو ونصب
"
35,snippet_diff_author_same_corpus_dev_out,Gumar_496,00604,"ولآ....
وتقول لي شغل وماشغل..!
وخلينا الى ان نرسي اساسيات المشروع...!
وكل هذا بس استغفال لي وتطلع هذي وتمشي هذي وانا يا غافلين لكمـ الله...
تدعي العدل بتصرفاتكـ...!
وانت آبعد شخص عنه يازوج الثلاث..!
بتال بـصرامه وصوتٍ غاضب\وش تقصدين بحكيك
"
37,main,Gumar_435,00521,"&&&&&&&&&&&&&&&&&
في الشاليه
واقفه قدام البحر تتأمله وتذكرت قبل خمس سنوات بدت من هنا والحين هي حست انها الفايزه لأنها ما ترددت ومدت يدها وصافحته جاتها بنتاه تركض:ماما شوفي ...وجات وراها بنتها الثانيه التوأم :انا بعد شوفي
الجوهره نزلت لمستواهم:الله
"
37,snippet_same_author_diff_doc_dev_in,Gumar_435,00656,"مدى اللي منسدحه على الطاوله ودموعها تنزل من الضحك:ههههههههههههههههه لا لا مستحيل على هالولد ههههههههههههه حتى ما جلس ههههههه
البنات:هههههههههههههههههههههههه
واشتغل التعييب والحش في سجيه
&&&&&&&&&&&&&&&&&&&&&&
في غرفه مجاوره في الاستراحه
دخلت وهو معاها وهي متوتر وتحس نفسها متلخبطه وتحس
"
37,snippet_diff_author_diff_corpus_dev_in,Hindawi_22,16419535,"وكان وجهُها في عيني كما كنت أراه دائمًا مثل زهرة الفول في الصباح إذا جللها الندى، وعُودها الرشيق مثل تمثال رائع، ولو أطعت نفسي لركعت عند قدميها قائلًا لها: «معبودتي!»
وأخذت يدَيها فوضعتمها بين كفَّي، ورفعتهما إلى صدري في لهفة،
"
37,snippet_diff_author_same_corpus_dev_in,Gumar_248,00311,"محمد تنهد اوكيه لا تبكي ما أحب أشوف دموع كنت أحب أما الحين أنا متزوج عيب أتكلم بمواضيع زي كذا خصوصا اللي بتتكلمي عنها فرحها بعد اسبوعين
سارا اتطمنت استجاب لها طيب كمل
محمد يحاول يتماسك نفسه كاريس كبيرة ثلاثين
"
37,snippet_diff_author_diff_corpus_dev_out,Hindawi_133,69073918,"(٣) في الرتب العلمية
هي خاصَّة بعلماء الأزهر وتُسمَّى بالدرجات، وهي ثلاث: الثالثة والثانية والأولى، فتبقى على ما هي عليه.
(٤) في الرتب القلمية
هي ما استحسنا إحداثه للكُتَّاب والعلماء الخارجين عن الأزهر، ونرى أن تكون على ثلاث درجات أيضًا
"
37,snippet_same_author_same_doc,Gumar_435,00521,"مساعد زميله في السكن:وش أسوي لك صار لي ساعه أناديك وأنت ما ترد الله يعلم سرحان في مين
علي وهو يبتسم:سرحان في حبيبة قلبي
مساعد:من حبيبة قلبك ما أخبرك تحب
علي:ديار ابو متعب مشتاق لها ولهواها ولهلي ولحبايب قلبي الصغار
"
37,snippet_diff_author_same_corpus_dev_out,Gumar_483,00587,"ليث ومن غير مايبعد عينه عنها""متكحله !!!!..............متكحله!!!!......متكحله هي ناااااويه تذبحني وانا بعدني حي لجله هووو متكحله اويلااااااااااه العيووون ذي الي ذبحتني من زماااان اليوم تعاااود لجل تذبحني وش الي ناااويه اتسوييينه بي يالبدور وانتي تدرييين ان نفسي اشوووف العيووون ذي
"
37,snippet_same_author_diff_doc_dev_out,Gumar_435,00533,"مرت سنه ونصف على أبطالنا
ماذا حدث خلال هذي السنه؟
انين خطبها هاني وتزوجته وسافرت معاه علشان يدرس أمور في علم النفس ويطور من معرفته ويصير من أفضل أطباء علم النفس
أما انين فراح تكمل دراستها وتأخذ الماجستير في إدارة
"
18,main,Hindawi_73,91637469,"ولست أنوي في هذا الحديث أن أنصح لأحد ولكني سأجترئ بأن أسوق بعض ما تعلمته في حياتي، وأول ما علمتنه الأيام أن أنصح نصح عبث ومحال، وباطل، وليس بجدي، فقلما ينتفع المرء بغير تجربته هو إذا أمكن أن ينتفع أو
"
18,snippet_diff_author_same_corpus_dev_out,Hindawi_72,80940683,"ويقع الحجر على الفنون الجميلة من الشعوب المحكومة قبل أن تستهدف له من الحاكم المسيطر عليها.
فإذا جمد الشعور، وفترت النفوس، وقصرت الهمم، وضاق أفق الخيال، فهي التي تحجر على الفن الجميل من غير حاجة إلى سلطان أو تشريع، ويأتي
"
18,snippet_diff_author_diff_corpus_dev_in,Gumar_496,00603,"ويفتح علبة الشوكلاهـ المذهبه ..فايكتشف الكنز الثمين المخبئ...
من ثم يعتزم سرقته وأحتضانه بكلتى يديه الطفوليهـ...
عناد \رعد..لآلآ..تعال هنا بسرعه..يالله اشوف..اتركها وتعال..
العلبه بيد رعد..
وخطواته تتسارع لخارج الصاله..
وصوت عناد الغاضب\رعد..تعال..
توقف رعد فجئه...
وعيونه تعلقت بـ شخص واقف
"
18,snippet_diff_author_same_corpus_dev_in,Hindawi_37,81840925,"قال محاولًا أن يكون هادئًا: فقط شجرة صبار.
نزل الجميع من العربة وبدأنا البحث بقيادة عالمة الآثار وخبيرة التربة نوار سعد وجهازها العجيب الذي يستخدم لمعرفة مدى التغيير في نوع التربة، بمعرفة عمرها تحت أشعة الشمس المباشرة، وهذا مفيد جدًّا
"
18,snippet_diff_author_diff_corpus_dev_out,Gumar_20,00240,"ولكن فكرة انه ترفضه ريوف مهب قادر يستوعبها ويتقبلها
طيب ليه هي عملت كذا؟؟
طلع من البيت وراح برى واتصل لعبد الرحمن
راشد:هلا بو عبيد وين انت؟؟.. طيب ثواني بمرك مع السلامة
------------------------------------------------
بعد فترة من الزمن
رائد وريوف وصلوا
"
18,snippet_same_author_diff_doc_dev_in,Hindawi_73,93085140,"فقال الرجل: «لا عجب أن تتلعثم فى حضرة إلهك، فما كل يوم يظهر الله للناس. لا تقل لأحد أنك رأيتنى، فإنى أحب أن أظهر لمخلوقاتى فى السر». فحنى عبده رأسه مرات عديدة بسرعة لم يكن يدرى أنه قادر عليها أو
"
18,snippet_same_author_diff_doc_dev_out,Hindawi_73,85938393,"قال شارون: «نعم والله! أين كنت مخبِّئًا كل هذه الأثقال؟»
ثم التفت إلى زميلي وقال: «كفى كفى يا صاحبي! إن الزورق الآن أخفُّ من الريشة. وأحسبني مدينًا لك بإنقاذ سفينتي.»
قال زميلي مقاطعًا: «أمسك، لا ثقلها مرة أخرى بشكرك إياي.»
"
18,snippet_same_author_same_doc,Hindawi_73,91637469,"قال: «ولكني جربت».
قلت: «ما أظن بك إلا أنك تخدع نفسك.. وهذا سنة الإنسانة أبداً عد إلى نفسك وحلل خوالجك بلا خوف من مواجهة الحقيقة ولا جزع ولا إشفاق.. اجعل من نفسك شخصاً مستقلاً.. طبيباً يفحص حالة ولا يعنيه إلا
"
8,main,Hindawi_26,92480708,"لابسنَ وهو غزير الدمع حرَّان
تخضل منهن عين فهي باكية
ويستحر فؤاد وهو هيمان
وقال فتى في ابنة عمه، وقد تجنت عليه وغدرت به:
أأحبابنا لو تعلمون بحالنا
لما كانت اللذات تشغلكم عنا
تشاغلتمُ عنا بصحبة غيرنا
وأبديتم الهجران ما
"
8,snippet_same_author_diff_doc_dev_out,Hindawi_26,51519061,"نَاوَاهُ أَبْرَهَةُ الْعَادِي وَلَا الْفِيلُ
وتحدث كما تحدث قبله ناس عن فيض الماء من أصابع النبي، وبركة ما مسَّت راحته من الزاد، وما خاطبته به الوحوش، فقال:
فَاضَ الزُّلَالُ الْمُهَنَّى مِنْ أَصَابِعِهِ
نِعْمَ الْأَصَابِعُ مِنْ كَفَّيْهِ وَالنِّيلُ
وَبُورِكَ الزَّادُ إِذْ
"
8,snippet_same_author_same_doc,Hindawi_26,92480708,"إذا تلفتُّ في إطلالها ابتدرت
للقلب والعين أمواهٌ ونيران
كلمٌ بقلبي أداويه ويَقرفهُ
طول ادِّكاري لمن لي منه نسيان١
لا لِلَّوائم إقصار بلائمة
عن العميد ولا للقلب سلوان
على مواعيدهم خلف إذا وعدوا
وفي ديونهم مَطل وليان
هم عرضوا بوفاء
"
8,snippet_diff_author_same_corpus_dev_in,Hindawi_34,14035374,"– أبو أمِّي.
– ربحَتْ صفقة البطريق!
١ الأنطاع: فرشٌ تُبسَط لتُقطَع عليها رءوس المحكوم عليهم بالموت.
٢ «روديا» في الإغريقية القديمة: كلمة معناها «ورد».
الفصل التاسع عشر
############################################################
وفاء النذر
وعاد عتيبة إلى الرَّقَّة مُثقلًا بالغنائم، لم يكن معه رأس بطريق
"
8,snippet_same_author_diff_doc_dev_in,Hindawi_26,19139738,"تريدان مني صبوة عامرية
ونشوة وضاح الأسارير مستغن
لقد كان هذا والشباب مشفع
لدى البيض والأيام غافلة عني
ألا رب ليل بت فيه منعما
بلينة الأطراف ساجية الجفن
تدار على الراح من لحظاتها
فسكر بلا خمر وخمر بلا دن
لعمري
"
8,snippet_diff_author_diff_corpus_dev_out,Gumar_44,00570,"وتحبت راسها لولوه واركبت مع فهد السياره ..
لولوه : وين بنروح ..
فهد : مالك شغل خليني اسوق وبعدها تعرفين ..
لولوه : وشهو من اولها مالي شعل ..
فهد : اسف ياحبي الحين بوديك لمكان تحبينه ..
لولوه
"
8,snippet_diff_author_diff_corpus_dev_in,Gumar_214,01185,"أحمد وهو يعض خدها: على بالي بعد ط
دلال:آآآآخ يعور .. دفــش
أحمد وهو يلعب بحواجبه يبي يغيضها: أرجوج يا الناعمـــة
.. عند رنيم وسعود ..
رنيم بحب: سعوودي حياتي .. يلاا قووم الغدى جاهز
سعود بنعاس: بس شوي يا
"
8,snippet_diff_author_same_corpus_dev_out,Hindawi_74,40915851,"مضت دقائق قليلة وأهل الخيمة يتبادلون عبارات الاستغراب، ويحمدون الله على نجاة بدر من سيف والده، والفضل في ذلك لسليمان، ثم التفت أوباس وهو لا يزال إلى ذلك الحين مكشوف الرأس محلول الشعر كما جاء، وقال لطارق: «يأمر الأمير طارق
"
10,main,Hindawi_34,50846838,"وكان الركب قد أبعد وجاوز الشرابشيين وقبة الغوري، ودنا من جامع المؤيد، ولكن الطريق وراءه من زحمة الخلق لم يكُن فيه موضع لقدم، فلا يكاد السالك يمضي إلى الأمام خطوة حتى يرده الزحام إلى الوراء خطوات …
وقالت المرأة ولم
"
10,snippet_diff_author_same_corpus_dev_out,Hindawi_12,14904926,"(٤) الشعر الفرنسي من بودلير إلى العصر الحاضر ويضم النصوص باللغة الفرنسية مع ترجمتها الألمانية، نشره كورت شنيله. ليبزج دار نشر ركلام، المجلد ٢٦٦ من السلسلة، ١٩٦٧م، ٣٩٦ص.
(5)
Metamorphose der Nelke. Moderne Spanische Lyrik, Spanisch und Deutsch. Hrsg. von
"
10,snippet_same_author_diff_doc_dev_in,Hindawi_34,14035374,"– لم أنبئه بعد …
– وتأمُل أن تُنبئه؟
– نعم، إذا خرجنا كَرَةً أخرى لحرب الروم.
– وتطيبُ نفسك بحربهم، وقد عرفت أنَّ فيهم خئولتك؟
– قد كنتُ أعرف ذلك منذ بعيد.
– وكتمتَ عنِّي؟
– بِرًّا بكِ وإعظامًا
"
10,snippet_diff_author_diff_corpus_dev_out,Gumar_20,00240,"ريوف انتبهت ان ابوها يشبهها كثير
ريوف:يبه عندي اخوان؟
داوود:نعم
ريوف:وينهم؟
داوود:أحمد فقط في المدرسه الآن،، .. ريوف انتي تشبهيني كثير
ريوف:ايوه امي ما تشبهني ابد
ضحك رائد:قصدك انتي اللي ما تشبهي امك ابد
ضحكت ريوف على نفسها كانت متلخبطه......
"
10,snippet_same_author_diff_doc_dev_out,Hindawi_34,69242916,"وكأنَّمَا أبصرت بنتَ المنصور صاحب حماة جالسةً على عرش بني أيوب، تُجيلُ عينيها فيما حولها من أسباب الترف والنعمة وهي تقولُ: الحمد لله الذي ردَّ عليَّ مُلكَ أجدادي وأهلي من بني أيوب، وأدال لنا من تلك الجارية! فيؤمِّنُ الملك المعز
"
10,snippet_same_author_same_doc,Hindawi_34,50846838,"– لن يظفر به يا نوركلدي!
– ولكنه قد انهزم وذهب في الأرض، ويوشك أنْ يعثر به جند السلطان سليم فيسوقوه إليه في الأغلال!
– إنما الحرب سجال، فما انهزم طومان، وما أحسبه يقع في يد السلطان سليم، وما أراه
"
10,snippet_diff_author_diff_corpus_dev_in,Gumar_796,00965,"توجه لغرفته عند الدانه إستقبلته ببتسامه:دووم الضحكه يارب..
طارق:تسلمي,,صح كساعه لما رايح ويش كنتن تسون فالمطبخ إنتي والفـيّ..
الدانه:غير ملابسك وبجيب لك إلي سويناه,,بس وين مصرك(عمامتك)..
مسك رأسه:يمكن عند الفــيّ جيبيه وإنتي جايه بدخل أسبح..
الدانه:إن شاءالله..
وطلعت
ودخل طارق
"
10,snippet_diff_author_same_corpus_dev_in,Hindawi_99,30715961,"وقد أخذ الدكتور مندور بعد ذلك بأعوامٍ بفكرة «القراءتَين» هذه، دون أن يَذكُر الذي أوحى إليه بها، ثم جاء الأنصار فحسبوها له، غفر الله لنا ولهم وشملنا جميعًا برحمته.
ولم أكن لِأذكُر شيئًا من هذا لولا أنني أَردتُ أن أعود
"
29,main,Gumar_20,00028,"راكان :-اذا الجيه تتعبها لا تجي حنا نجيكم
محمد :-انت عارف الوالده فالواجب محدن يناقشها
راكان :-هههههههههه الله يخليها لك
محمد :-امين
قال بتردد :-راكان
راكان :-هلا
محمد :-ياخوي مدري كيف اعلمك
راكان ارتبش :-خير
محمد :-الرجال الي صدمك عرفوه
"
29,snippet_diff_author_diff_corpus_dev_out,Hindawi_48,50539692,"أجل يا سادتي، لقد كنت أقرأ له بعض الأحايين مقالات عن القطن المصري، أو العامل المصري، والتعطل المصري، فيعتريني دوار، يعتريني شيء كمن عاش في حلم فأفاق على حقيقته، فأقتطع المقال، وقد خُيِّل إليَّ أن عليه أثر العرق والتعب والدموع،
"
29,snippet_same_author_diff_doc_dev_out,Gumar_20,00240,"ريوف:بسااافر
هند فاتحه عيونها:وين؟؟؟
ريوف:لهلي أمريكا
هند:هاااا قولي والله من صجك؟؟رايحه معك رايحه معك عساني لو اتعلق بجناح الطياره ههههههه
ريوف:والله فكره حلوة لا تذكره ولا هم يحزنون..
هند:ايوه انتي ما تعرفين ان انا ام افكار خطيره،، بعدين اذا رحتي
"
29,snippet_diff_author_diff_corpus_dev_in,Hindawi_73,93085140,"فقال الرجل: «لا عجب أن تتلعثم فى حضرة إلهك، فما كل يوم يظهر الله للناس. لا تقل لأحد أنك رأيتنى، فإنى أحب أن أظهر لمخلوقاتى فى السر». فحنى عبده رأسه مرات عديدة بسرعة لم يكن يدرى أنه قادر عليها أو
"
29,snippet_diff_author_same_corpus_dev_in,Gumar_44,00999,"0000000
مرت الايام خفيفه للعنود وبين ناصر واللقا كان سهران طول الليل على صوتهم وضحكاتهم وكل ليله كان اللقاء غير عن الليله اللي قبلها .. كان الحب بينهم صادق شفاف حب من البدايه كان صدفه كريهه بالنسبه للعنود ولكن انتهت
"
29,snippet_same_author_same_doc,Gumar_20,00028,"دانه وهي تحاول تبتسم :-حياهم الله
×
×
×
×
صحت نوف من النوم وغيرت ملابسها ونزلت للغداء لان عمها مرسل لها الشغاله تناديها
نزلت ولقت الكل جالس على الغداء والي قهرها ان الماس جالسه جنب سعود وهنادي بالطرف الثاني
"
29,snippet_same_author_diff_doc_dev_in,Gumar_20,00067,"وركبوا السيارة ودقت على خالد اللي بالاول مارد وثاني رد بزعل وساحلت فيه للين رضى وسمع وليد يتريق عليه وانقهر خالد منه وطلب منها تحط سبيكر عشان يمرمطه وجلسووا يتهاوشون على مزح واخيرا تدخلت هديل بعزيمه من الاثنين بالبدايه رفضووا
"
29,snippet_diff_author_same_corpus_dev_out,Gumar_230,00292,"غديررر بتعب واضح على ملامح وجهاا الذبلانه وشفايفها الجافه ..وعيونها المخدره كليأ: اااه اابـــ،ـ،ــ ي مااااي..
جاب لها ماي وساعدها لتشرب وثم سندها على اقرب كرسي..
معاذ: كيفك الحين أحسسسن.؟
غدير:..........
معاذ: قومي يلا حاوولي .
غدير: ماقدرر رجولي ماتشيلني
"
12,main,Hindawi_41,17979520,"تجنب صوبُ الغيث قبرك جافيًا
ومرت عليه المزن وهي جَهام
فقهقه المعتمد في سخرية واستخفاف وصاح: الآن عرفت سخف النمائم وما يمكن أن تنفثه سموم الوشايات! هذان البيتان قلتهما أنا حينما علمت بموت ابن ذي النون صاحب طليطلة، وابن زيدون
"
12,snippet_diff_author_same_corpus_dev_out,Hindawi_7,46851305,"وحاول السائق أن يزيد سرعة السيارة ولكن السيارة قفزت منه قفزة ثم توقف محركها، ففتحت أبواب السيارة جميعًا ونزل منها أربعة أنفار أما السائق، ومن كان خلفه فقد نزلا إلى ناحية الحقل فتسترا بالسيارة، وظلا يتدحرجان نائمين حتى بلغا الحقل،
"
12,snippet_same_author_diff_doc_dev_out,Hindawi_41,97031861,"انفض المجلس، وخرج عمارة من القصر، وبينما هو في الطريق قابله المهذب الأسواني ومعه شيخ غريب عليه سيما الصلاح والزهد لا يفتأ لسانه متمتمًا بالتسبيح والأدعية، فسأله عمارة عنه، فقال: إنه زين الدين بن نجا، وهو رجل تقي يعظ جنود
"
12,snippet_same_author_same_doc,Hindawi_41,17979520,"كان المعتمد يصغي وغرائز العظمة تتوثب في نفسه، فمال على ابن زيدون وقال: وما الطريق إلى هذه القمة الشامخة وهذا الأمل البعيد؟
– الطريق يا مولاي أن تستولي على قرطبة أولا وأن تجعلها قصبة ملكك، ثم تغير منها على هذه
"
12,snippet_diff_author_diff_corpus_dev_in,Gumar_20,00029,"راحت لابوها تمسكه مع كم ثوبه :-يبه قلي تكفيى الي اشوفه صدق ولا خيال
ابوها مسح دمعته بطرف شماغه :-لا يبه حي حي
التفتت له وقالت وهي ترجع لحضنه :-مو مصدقه بغيت اموت يوم قالوا انك مت بغيت اموت ..
"
12,snippet_diff_author_same_corpus_dev_in,Hindawi_60,93949194,"Borges, Jorge Luis: Seven Nights, tr. Eliot Weinberger, A New Directions Book, 1984.
Bouhdiba, Abdelwahab: Sexuality in Islam, tr. from French by Alan Sheridan, Saqi Books, London, 1998.
Briffault, Robert S.: The Troubadours, translated from the French by the author,
"
12,snippet_same_author_diff_doc_dev_in,Hindawi_41,39649030,"وفي إحدى الليالي الممطرة المظلمة، سمعت السيدة نفيسة طرقًا على باب دارها، فأيقظت خادمتها لفتح الباب، وما هي إلا لحظة حتى صعد سرور ومعه سيدته زبيدة، فلما رأت زبيدة أمها سقطت بين ذراعيها باكية، وطفقت تقبلها وتهتف بكلمات متقطعة، أما
"
12,snippet_diff_author_diff_corpus_dev_out,Gumar_248,00669,"وديم بفرحة يا قلبي روحي انبسطي مع إني أشك إنه أحد ينبسط مع الوحوش والغيلان
ربى بكشرة ودوووووم
ضحكت يا ربي وش أسوي إذا زوجك ثقيل طينة قلت لك لا تتزوجيه بس ما رديتي عليّ
ربى بغيض المشكلة إنه حبيب
"
32,main,Gumar_169,00628,"تنَآسِيتكَ نعَم لكنَ بقتَ فيَ دآخلَي ذكرآكَ
بقَى فَيْ دآخليَ ( حُبِك ) بَقى فيَ دآخليَ بيتَك...,
ْْ
/////////////////////////////////////////////////////////////////
اليوم الثاني الصباح وقبل حتى ماتجي الساعة ست...
اتصل رقم غريب على احمد وهو اللي كان نص نايم ونص جالس وهو
"
32,snippet_same_author_same_doc,Gumar_169,00628,"احمد/ريم انتوا بالمدينة؟انا جايك؟
ريم بتنهيدة/احمد احنا مو مطولين مدري على اي محطة ثانية بنرسي خوب اللي راسم الجدول ابوك اسئله وين بنكون يمكن ان احنا نروح مكان ثاني؟
احمد بتنهيدة وهمس/طمنيني عنك انتي بخير…اللي في بطنك بخير؟
ريم بتقطع
"
32,snippet_same_author_diff_doc_dev_out,Gumar_169,00492,"ام تركي/وش فيها حالته بالله!!!
تركي/يبي ياخذ وحدة من بنات الفالح بنت جيرانا؟
ام تركي بحدة/لا.....
عبدالله بانكسار/ليه يمه...
ام تركي/يمه...ماتناسبنا باي شي....انا شايفة بناتهم اكثر من مرة...هذولا غير عنا....وان شاءالله منهي فيهم اللي حضرتك تبيها...غدير ولاعبير؟
تركي بشماتة/ليش منو
"
32,snippet_same_author_diff_doc_dev_in,Gumar_169,00209,"لبنى/ولاشي...
نجود/محد بيجبرك تنسين اللي صار وتسامحين ابوك ها الشي متروك للايام واللي ممكن تسويه بس انك تعدمين نفسك بها الطريقة وانتي توك بعمر الورد فهذا قمة الجنون...يابنت الناس احمدي ربك حرق في يدينك وعمليته بسيطة ماهو بمكان ثاني وتارك
"
32,snippet_diff_author_diff_corpus_dev_out,Hindawi_34,69242916,"لقد جَرَحَ هذا الرَّجلُ منها كبرياءَ الملكة وغِيرة الأنثى؛ فليكن انتقامُها إذلالًا لكبريائه ولرجولته في وقتٍ معًا، وكذلك كان تدبيرها؛ فقد وثب عليه غلمانها في الحمام فانهالوا على رأسه ضربًا بالقباقيب وهم ينزعون أنثييه، ليموت حين يموتُ وقد تحطَّمت كبرياؤه
"
32,snippet_diff_author_same_corpus_dev_out,Gumar_44,00570,"كان حامل معه اكياس كثيييره .. اللي استغربت منها مضاوي ....
طرق الباب طرقه خفيفه .. وما سمع اي نداء منها او استجابه ..
فهد للمره الثانيه يطرق الباب : وبعدها دخل بشويش ..
لقاء الغرفه شبه مضلمه الا نور
"
32,snippet_diff_author_diff_corpus_dev_in,Hindawi_1,94868139,"ارتعدت فرائصه لدى سماع صوت عم شنكل بياع الفول بالحارة. لم يلتفت نحوه ولكنه تساءل في جزع: ترى هل لمحه الرجل؟ وهل يحسن به أن يهرب؟ وزادت سرعة يديه في التفتيش حتى بدا كالأرنب الذي يحفر مأوًى له.
وعاد عم
"
32,snippet_diff_author_same_corpus_dev_in,Gumar_12,00241,"ضاري: طلع متهم بقضية سرقه...
ابتهال: مستحيل...سلطان يسرق مستحيل...
مدى سكتت واستوعبت التغيير اللي حصل على سلطان في الشهور الاخيره...وكم مره شافته متهاوش ويرجع متاخر ....ولا علقت..
ابتهال: مدى تصدقي في سلطان...!!
مدى ودمعت عيونها: لا كنت ملاحظه عليه..
ابتهال
"
17,main,Hindawi_72,17919704,"والفوارق بينها وبين مذهب كارل ماركس وغيره من مذاهب الشيوعية والاشتراكية، معروفة الأصول والحدود بلا اختلاف وبغير لبس أو غموض.
وأهم الفوارق بينها وبين الشيوعية، أنها لا تؤمن بحرب الطبقات، ولا بضرورة الانقلاب الدموي؛ لتحسين أحوال الأُجَرَاء، وتعميم العدالة، وتمكين
"
17,snippet_diff_author_diff_corpus_dev_in,Gumar_214,01185,"أم سعود وهي ترفع يدها:آآآميــن .. وإن شاء الله دلال وأحمد بعد
الكل: إن شاء الله
أحمد وهو يقوم: يلاا إحنى نستأذن الحين لاازم نروح لأنه بعد ساعة الطيارة بتطير
الكل قام وسلم .. ودلال ما ودها تروح وتبي أي
"
17,snippet_same_author_diff_doc_dev_in,Hindawi_72,85807391,"ومنها كتاب التنبؤ بالغيب عند مفكري الإسلام، وكتاب الشعراني إمام التصوف في عصره، وكتاب الأحلام للدكتور توفيق الطويل مدرس الفلسفة بجامعة فاروق الأول، وكلها نمط واحد في حسن التقسيم وتقرير المعلومات وفطانة التعقيب.
وظهرت إلى جانب هذه الكتب القيمة والرسائل
"
17,snippet_same_author_same_doc,Hindawi_72,17919704,"مظلوم صلى ورشدي
آمنت بالله ربي
وجاء فتحي يصلي
بغير سيف وضرب
يا رب أبق فؤادنا
حتى يصلي اللنبي
قال الطالب الأديب: «وإني أبعث إليكم بمقالي هذا عله يسهم في الوصول إلى الرواية الصحيحة.»
ونقول للطالب المهندس إن «هندسة البيت»
"
17,snippet_diff_author_same_corpus_dev_in,Hindawi_71,14820685,"وخير للرجل الحكيم أن يفرض على نفسه حياة غليظة ساذجة فيها شيء من شظف وقسوة، من أن يُقبل على الحياة الهينة اللينة ويستجيب للمُغريات، فيستمتع بلذات كثيرة تدفعه إلى آلام كثيرة.
ومذهب أبيقور يمتاز كذلك بأنَّه حَرَّر الإنسان من خوف
"
17,snippet_same_author_diff_doc_dev_out,Hindawi_72,80940683,"على أن الاسم القديم — وهو الخرف المبكر Dementia praecax — لا يزال هو المعوَّل عليه في التعبيرات العلمية، ودلالته على أنواع المرض كلها وأسبابه جميعًا أوسع وأصدق؛ لأن هذا الاسم يدل على الإصابة بالمرض في سن الشباب قبل بلوغ الشيخوخة،
"
17,snippet_diff_author_same_corpus_dev_out,Hindawi_133,69073918,"المنسر: (المخصص ج٦ آخر ص١٩٩) ما بين الثلاثين إلى الأربعين، سُمِّيَ بذلك لأنه مثل مِنْسَر الطائر يختلس اختلاسًا ثم يرجع ولا يزاحف، وأنشد:
تَقولُ لكَ الوَيلَاتُ هَلْ أَنْتَ تَارِكٌ
ضُبُوءًا بِرَجْلٍ تَارَةً وَبمنْسِرِ
أبو عبيدة: وهو المنسر.
(اللسان ج٧ ص٥٩)،
"
17,snippet_diff_author_diff_corpus_dev_out,Gumar_230,00292,"غدير بتردد واضح: ملاااك..
ملاك: عيونه امريني.؟
غدير: تسلم العيون وراعيتها..
ملاك: ههههههههههه
عدير: ابيك تجين عندنا الحين فيه شي لازم تعرفينه..
فيصل الي كان متابع المكالمه بصمت..
ملاك: الحيين.!!!!!!
غدير: ايييه الحين اذا ماعندك مانع ترا الشي حييييل مهم..
"
26,main,Hindawi_133,80268240,"فلما فعل ذلك، رفعت البرنس عن وجهه، فعرفته وقالت: نحُّوه، لعنه الله! فقالوا لها: لا تلعنيه فقد أسلم. فقالت: إنما فعلت ذلك لقذره. فعرضوا عليه كسوة، فقال: ليس لي حاجة إلى هذه، وإنما أردت أن أشرف بولائها، فالحمد لله الذي
"
26,snippet_same_author_diff_doc_dev_out,Hindawi_133,69073918,"المنسر: (المخصص ج٦ آخر ص١٩٩) ما بين الثلاثين إلى الأربعين، سُمِّيَ بذلك لأنه مثل مِنْسَر الطائر يختلس اختلاسًا ثم يرجع ولا يزاحف، وأنشد:
تَقولُ لكَ الوَيلَاتُ هَلْ أَنْتَ تَارِكٌ
ضُبُوءًا بِرَجْلٍ تَارَةً وَبمنْسِرِ
أبو عبيدة: وهو المنسر.
(اللسان ج٧ ص٥٩)،
"
26,snippet_same_author_same_doc,Hindawi_133,80268240,"تشكّى المحبون الصبابة ليتني
تحملت ما يلقون من بينهم وحدي
فكانت لقلبي لذة الحب كلها
فلم يلقها قبلي محب ولا بعدي!
أحسنتِ زِيدِي
قال عبد الله بن المبارك: عشق هارون الرشيد جارية من جواريه، فأرادها، فقالت: إن أباك مسني؛ فشغف
"
26,snippet_diff_author_same_corpus_dev_in,Hindawi_34,14035374,"قال الشيخ وربَّت كتفه: تلك خالتك يا بُني، توْءَمَة لأمِّك، وما كان اسم أمك سبيكة يوم ذَهَبَتْ، ولكني أوثر منذ اليوم أن يكون اسمها سبيكة … ليت شعري كيف صار اسم أختها «رُوديا» في بيت سيدها؟٢
قال الفتى: ومن تكون
"
26,snippet_same_author_diff_doc_dev_in,Hindawi_133,75241938,"«يِطَلَّعْ مِنِ الزِّبِيبَهْ خَمَّارَهْ» ويُروَى: «يعمل» بدل «يطلع» و«الخَمَّارة» (بفتح الأول وتشديد الميم): الحانة؛ أي: يصنع من الزبيبة خمرًا كثيرًا يملأ حانة. يُضرَب لمن يعظم الشيء الصغير، ويستند على السبب التافه لمغاضبة سواه. ومثله: «يعمل الحبة قبة.»
«يِطْلَعُوا مِ الْخُص
"
26,snippet_diff_author_diff_corpus_dev_out,Gumar_20,00240,"ريوف كانت لابسه العباية الجديده وطالعه عليها شي ومتشيله بشيله لونها اخضر مزرق وحاطه لها كحل خفيف وقلوس وطالعه جنان ونعومة
رائد لما لقى ريوف داخله استغرب ليه وش جايبها!!
........
وصلوا المطار
رائد مش مصدق:بتسافر معي؟؟!!
بو راشد:ايوه ريوف
"
26,snippet_diff_author_same_corpus_dev_out,Hindawi_56,51305974,"(يصمت آسفًا لأنه تكلم، إلا أن الكلام يعود متدفقًا من شفتيه)
يُعيرني أنه رباني صغيرًا. والله يعلم كيف رباني! إنه أدخلني المدرسة، وهل كان بوسعه أن يفعل أقلَّ من ذلك! ويقول إنه بمثابة الأب لي، فأي حنوٍّ وطَّد هذه الأبوَّة؟
"
26,snippet_diff_author_diff_corpus_dev_in,Gumar_69,00763,".
.
لسنين كثيرة
.
.
رجع تركي للواقع لما سمع صوت أخوه ماهر وهو يلعب بسيارته.... كل اللي صار كان من خيال تركي وهو يفكر بأهله.... وبردة فعلهم لما يعرفون بموضوع زواجه.... هو ما طلق البندري وشتت عياله.... ما
"
22,main,Hindawi_94,30272028,"وأخذنا نتحدث، وجعلت أذكر لابنتي وقد حُلَّت عقدة لساني ما يجب عليها لنفسها ولجنينها في أثناء حملها، وكان زوجها يسمع لحديثنا، وعلى محياه أمارات السعادة ولا يقول شيئًا، وفيما نتحدث دخل علينا ابني وزوجه، وكانا قد عرفا النبأ السعيد قبلي
"
22,snippet_diff_author_diff_corpus_dev_out,Gumar_425,00509,"سحر بخوف:العمليات ليييييه؟!
هنادي تبكي:فيهآ سسـ..ـرطـ...ـآن
بأحد مستشفيات الرياض
قبل دخول صلآة الظهر ..طلعوآ مجموعه من الدكآتره والأستشاريين من دآخل الغرفه..فز لهم بسرعه هو وابوه واخوآنه
فهد بخوف باين على وجهه:بشروني ..زوجتي ويش صار عليها
الدكتور:الحمدلله العمليه نجحت ... وأعتقد
"
22,snippet_diff_author_same_corpus_dev_in,Hindawi_26,92480708,"من الشوق نار لا نُطيق لها وَفدا
############################################################
غدر الغواني
ولا بد من ذكر شيء مما تألم له الشعراء في حياة الحب، التي طالما يغدر فيها النساء. وإنا لنجد من بينهم من يحسب الغواني جميعًا غادرات، ويقول:
فلا تحسبن هندًا
"
22,snippet_same_author_diff_doc_dev_in,Hindawi_94,18175075,"رأى جماعة ممن يعلِّمون الناس الدين في هذا العصر الأخير أن الناس يجب أن يُخَاطَبوا بلغة زمانهم، وأن ما كان الجاهل يقنع به من قبلُ لم يبقَ مُقْنِعًا لمَن نالَ من العلم في عصرنا الحديث حظًّا، والأمر كذلك، خاصة بعد
"
22,snippet_diff_author_same_corpus_dev_out,Hindawi_34,69242916,"كذلك كانت منذ بضع سنين يوم دهم الموتُ الملك الصالح بالمنصورة، وكذلك هي الليلة؛ ولكنها الليلة لا تملك تدبيرًا ولا فكرًا؛ لأنَّ في نفسها رُوحَ الجريمة!
وأوشكت أن تصرخ مُستغيثة، ثم تماسكتْ وتخبَّطها الشيطانُ فلم تُحسن تدبيرًا أو تُحكم فكرةً.
"
22,snippet_same_author_same_doc,Hindawi_94,30272028,"لم أُعنِّ نفسي بهذا الحوار حول تعليم البنت يوم سمعته وأنا في موقعي على مقربة من باب غرفة الجلوس، بل فررت مسرعة إلى داخل الدار خيفة أن يراني أحد ويتساءل عن سبب وقوفي، وما كنت لأفكر يومئذ أي المتحاورين على
"
22,snippet_same_author_diff_doc_dev_out,Hindawi_94,28493759,"•••
ودخلتا معًا حتى كانتا على السطح أمام الغرفة، فاستندت زينب إلى حائطها، وجلست إلى جانبها أمها. ونظرت هذه الأخيرة في عين ابنتها وكلها الحنان فوجدت تلك النظرات التي عرفتها جاذبة فتّاكة قد استحالت نظرات استعطاف واسترحام، وكما كانت تصل
"
22,snippet_diff_author_diff_corpus_dev_in,Gumar_20,00067,"ماينقل حمد للرياض..يعنى باقي سنه او سنتين ..
.............بــعـــد ســـنــــه...............
خالد بصووت كله نووم:هديل......هديــــــــــــــــــــــــــــل...
هديل:خير وش فيه...""سمعت بنتها تصيح""....وليش ماقمت تشيلها...
خالد:شيليها لايجيكم شئ انت وهي..اطلعوووا برا خلوني اناااااااام...
هديل تغيظه:لاماراح نطلع وعناد فيك بجلس هنا ومارح اسكتها...لين ماتوافق انام
"
34,main,Gumar_230,00336,"كششف حااله لوورنس وأخذ الورقه الي على مؤخرره السرير يقيم حاالته وأبـــــد ماعجبته واضح ذلك من علامات وجهه
جااك: بسرررعه دكتور أنس جهزز غررفه العملياات قبل فواات الاواان..
دكتور انس:حاااضر دكتور جااك....ورااح للنيررس جهزوا غرفه العملياات ودخل لوورنــس فيهاا.
ـــــــــ
"
34,snippet_same_author_diff_doc_dev_in,Gumar_230,00497,"الكل :. باي
اسرء:. بنااااات بكرة العصر بروح مع الجدي المزرعه تجو ولا لا
شهد :. انا جاااايهـ
عهد:. وانا كماانت
اسراء:. وانتي ياحنو
حنين:. لا حنان يوم الاربعاء الصباح جايه من الشرقيه ابغى اجلس معاها واجي العصر معاهم
اسراء:.
"
34,snippet_diff_author_same_corpus_dev_out,Gumar_483,00587,"قوته بتوتر:اني استحي ياعتااب
عتاب:زين قومي خلينا نروح نتعلل سوء
ابتسمت شبه ابتسامه وهي ماتعرف وش اتقووول:نتعلل سوا؟؟
عتاب رفع يده ومررها على خدها:زين وش الي يمنع بعد؟
قوت:مرتن ثااانيه ياعتاااب انا ودي انااام
عتاب:للا ودج بالاوله تقومي معي ودي
"
34,snippet_diff_author_same_corpus_dev_in,Gumar_425,00510,"كآن القآسي الغآمض من بين الجميع تكره حروفي وصفه لغموض قلبه ...الفهد بدأت حيآته بغموض وأنتهت بوضوح ..كـ الغمآمه الرمآديه تخللت حيآته مآ لبثت حتى أختفت دون عوده صدق أحسآسه وأمن بمشآعره وأحبب أن يكمل حيآته بلا نزآع او كره
"
34,snippet_diff_author_diff_corpus_dev_in,Hindawi_74,41728357,"وقد عرفت بوجود هذا الخارجي في دار أمير المؤمنين منذ أمرتني بكتابة ذلك الكتاب الذي كان سببًا في مقتل هذا الرجل، وعلمت أنه ما من أحد يعرف مكان جلنار سواه، فما زلت أترقب خروجه إليها حتى المرة الأخيرة، فأرسلت غلامًا
"
34,snippet_diff_author_diff_corpus_dev_out,Hindawi_26,51519061,"سَيْفُ الْمَشِيبِ بِرَأْسِي وَهْوُ مَسْلُولُ
أَمَا تَرَى الشَّيْبَ قَدْ دَلَّتْ كَوَاكِبُهُ
عَلَى الطَّرِيقِ لَوَ انَّ الصَّبَّ مَدْلُولُ
حَتَّامَ أَسْأَلُ عَنْ لَهْوٍ وَعَنْ لَعِبٍ
وَفِي غَدٍ أَنَا عَنْ عُقْبَاهُ مَسْئُولُ
فهو مسايرة للبوصيري في قصيدته الميمية.
فإذا انتقلنا إلى المديح رأيناه
"
34,snippet_same_author_same_doc,Gumar_230,00336,"هااجس بضحكه: يؤ ليه هجير.؟
لورنس: لأنه حلوو وقرريب على اسسمك..
هااجس ووه فددددديته يانااااس: لبى قلبك لا مو حلو هجيرر.
أمممم بسميهاا..
وتناظر للورنس:بمسيهااااا....هــ....
هااجس بخووف:لـــوورنــس لوورنس شفيك.!
كاان مااسك رااسه ويصررخ من الألـــــــم:أأأأأأأأأأأأأهـــــ رأأأأأأأسسسي..
هااجس بخووف: لووورنس قووووووووم
"
34,snippet_same_author_diff_doc_dev_out,Gumar_230,00292,"نزززلت دموعهااااا وماقدرت تمسكهم اكثر و تبكي
والكل صاار بأزمه بكااء حاده ......
زعل من قلبه على الي صاار وفجئه تذكر.!!
غديررررر
تركهاا عند الدكتور المصري ..
هررع اليها مسرعأ ..
فتح بااب الغرفه عليها ظل سااعه يتأمل شكلها الملاااااك.
"
30,main,Gumar_44,00999,"العنود ..: طيب ..
يقاطعها ناصر : لا طيب ولا بطيخ اووووص وخلي الليل ذي غير ليلة ناصر وعنود .. بس لا تدخلين ابليس بيننا ةخلينا نتهنى بحب الشريف يقرب منها ويضمها بحظنه والعنود ترفع راسها وتحس بانفااسه تحرقها ..
"
30,snippet_diff_author_same_corpus_dev_in,Gumar_796,00965,"رفع رأسه وناظر عمته ببتسامه:مشكوره عمتي..
مسحت على شعره:العفو,,يله سمي بالله وكـل..
هز عيسى رأسه وسمى بالله وأكــل
هزته من ثيابه ولف لها وهو مبتسم:ويش فيه..
برطمت:أنته قوول اليوم تستري(تشتري) لي حلاوه..
إبتسم:من عيوني بس تريدي حلاوه..
الفـي وهي تفكـر:أممممممم
"
30,snippet_diff_author_same_corpus_dev_out,Gumar_69,00937,"بعد ما طلع أبو إبراهيم.... تقدم علي من محمد وقال: مبروك يا محمد
محمد: الله يبارك فيك... منيب مصدق أنا لي أهل ينتظروني... نفسي أروح الرياض وأقولهم هذول أهلي... هذول أمي وأبوي وأخواني، ألف الحمد لله لك يا رب
علي:
"
30,snippet_same_author_diff_doc_dev_out,Gumar_44,00570,"وتحبت راسها لولوه واركبت مع فهد السياره ..
لولوه : وين بنروح ..
فهد : مالك شغل خليني اسوق وبعدها تعرفين ..
لولوه : وشهو من اولها مالي شعل ..
فهد : اسف ياحبي الحين بوديك لمكان تحبينه ..
لولوه
"
30,snippet_diff_author_diff_corpus_dev_in,Hindawi_12,52615163,"ج٤: يستحيل عليَّ أن أتحدث عن صلاح. وتصبح الاستحالة غصة خانقة حين أسمع من يتحدثون عنه، وكأنه «كان» أو «غاب». إنه بعض مني، من دمي وحياتي ومئات من ليالي عمري وأيامه، تجسيد شعري لأشواقي وأحزاني التي أعجزني ضعف الموهبة عن
"
30,snippet_diff_author_diff_corpus_dev_out,Hindawi_105,59616186,"تعال فانظر معي الآن إلى ما وصلنا إليه! لقد كثرت الكتب يخرجها المؤلفون وأصبح الإنتاج الأدبي أضعاف ما كان، في كل ناحية من نواحي الأدب، من قصص وقصائد وموضوعات اجتماعية، وكتب تاريخية؛ وكثر الكلام في الأدب، وخصصت أكثر الصحف صفحات
"
30,snippet_same_author_same_doc,Gumar_44,00999,"تنزل جواهر له وتركب السياره مع طلال ..
جواهر : السلام عليكم والحمدالله على السلامه يانور عيني ..
طلال : مراح تعطيني بووسه ..
جواهر : لما نكون بروحنا ..
طلال يمسك كفها ويسحبه لشفايفه ويشمها ويطبع البوسه بكفها: اااه
"
30,snippet_same_author_diff_doc_dev_in,Gumar_44,00569,"ناصر انصدم باللي يناديه من الخلف .. لف وهو يقول نعم .. الا ينصدم بنوفا لابسه جلال وملفعها عليها ..4
ناصر يقرب منها وهو يلتفت عسى ما يشوفنا احد ..
ناصر بستغراب : وش اللي مصحيك بهذي الساعه
نوفا وعيونها
"
21,main,Hindawi_85,74636907,"ولنا أن نتصور حجم ومعدلات الاندفاع نحو المستقبل بالنسبة لهذا العالم المستقبلي الجديد، بالمقارنة مع العالم الثالث أو العالم القديم أو عالم السلف والأسلاف.
فاستنادًا على فهم شيخ المؤرخين أرنولد توينبي بالنسبة لعاملي الحضارة، من مستقبلية يأخذ بها العالم الجديد،
"
21,snippet_diff_author_diff_corpus_dev_in,Gumar_248,00312,"أبو سامي منزل مبارك يا سلطان
سلطان ابتسم الله يبارك فيك
دخل عند رندا نودا عطيني العصير
رندا ومحمد متمسك فيها ثواني
طالع فيها صار له أسبوع نايم عندهم مالي عليهم البيت ابتسم حمووود
محمد ههههههههههههه بابا
سلطان أثرت فيه
"
21,snippet_same_author_same_doc,Hindawi_85,74636907,"ويُلاحظ أن اقتصاد غرب البحر المتوسط بعامة عبارة عن بنيان مقسم الأجزاء لأقاليم — أو مدن دول — يصل فيه الجبل حتى البحر الذي يصنع كثيرًا من الأجزاء المنفصلة المعزولة التي يوجد فيها سهول صغيرة غارقة في الجبل، فالماء بالضرورة
"
21,snippet_diff_author_same_corpus_dev_out,Hindawi_48,50539692,"وجاء في مجلة «الثورة» في يناير سنة ١٩٥٥ هذه الكلمات التالية على لسان المحرر تحت عنوان «بلاليص وجرادل»:
روى لي الأستاذ الأديب حبيب الزحلاوي أن الأستاذ سلامة موسى قد وضع دعاء لإحدى الطوائف باللغة العامية، ومن هذا الدعاء:
يا ألله
"
21,snippet_same_author_diff_doc_dev_out,Hindawi_85,72518646,"والربط بين سارة وهيلانه يبدو في أن كلًّا منهما عُدَّتْ زوجة مخطوفة أو منتزَعة من قبيلتها أو زوجها؛ سارة من زوجها إبراهيم وهيلينا من زوجها منيلاوس.
الملاك الرسول جبرائيل وبراقه
تتبدى ملامحُ الملاك جبريل في الفولكلور العربي بعامة، وسيره وملامحه
"
21,snippet_same_author_diff_doc_dev_in,Hindawi_85,64839393,"العنقاء وسيدنا سليمان
سيدنا سليمان كان مكشوف عنه الحجاب، شاف إن بنت ملك حاتتولد الليلة دي، وحايفعل فيها ابن وزير الملك في الحرام.
جمع الطيور والوحوش وقاللهم حزر: «هل الحذر يمنع القدر؟» فجميع الطيور والحيوانات والريح والصجر قالوا: «لا.» فيما
"
21,snippet_diff_author_same_corpus_dev_in,Hindawi_71,42702649,"وقد فهمنا من كل هذا أنها تجد لذة في الحديث إلى الفتى، وأن الفتى مفتون باستماع حديثها. وهما في ذلك وقد تقدم الليل وإذا «مكسيم» قد أقبل ولم يكن منتظرًا، إنما كانت تنتظر عودته من الغد. أقبل فلم يجد أحدًا
"
21,snippet_diff_author_diff_corpus_dev_out,Gumar_214,00270,"----------------------------------------------------------------------
في الصاله كل الحريم والبنات لبسوا العبايه والشيله والي متنقبه تتنقبت ..
بعد دقايق انطفت الاضواء وفجأه اشتغلت الإضاءه على باب الصاله ونفتح الباب في دخول المعاريس
نزلو من الدري  على أغنية هب السعد
~~~~~~~~~~~
هب السعد هبايبه
"
1,main,Hindawi_1,85847308,"ولما فرغوا من صلاتهم، قال الأب: لنمكث قليلًا قبل أن نقوم للطواف.
وظلوا متربعين صامتين، حتى عاد الأب يقول بصوت رقيق: لم نجتمع هنا منذ ذلك اليوم.
فقال ياسين بتأثر: الفاتحة على روح فهمي.
وتُلِيت الفاتحة، ثم سأل الأب ياسين
"
1,snippet_diff_author_same_corpus_dev_in,Hindawi_74,29513059,"وبعد بضع دقائق، أعاد عزيز نظره إليهما، وكان يريد التكلم ولا يستطيعه، فسأله شفيق: هل يحتاج إلى شيء؟ فأشار إليه بيده أن ينتظر ريثما يهدأ روعه فيخاطبه، فسكت، ثم مد عزيز يده إلى شفيق، فمد شفيق يده إليه وأمسكه، فأحس
"
1,snippet_same_author_diff_doc_dev_out,Hindawi_1,39429258,"فقال بسخرية: بالصدق نطقت.
عند ذاك نتر حسونة السبع ساقَيه المتشابكتَين نحو الأرض وسأله منذرًا: علامَ تعتمد في رجوعك إن لم يكن على عفوي؟
فقال بصوت جهْوري: اعتمادي على الله جل شأنه.
فصاح السبع: اذهب على قدمَيك وإلا ذهبتَ على
"
1,snippet_diff_author_same_corpus_dev_out,Hindawi_60,39308197,"وقد بدأ كتابة مسرحية عن علي بك الكبير وهو في فرنسا، إلا إن عدم التشجيع الذي لاقته منعه من إكمالها في ذلك الوقت، وقرأ شوقي أيضا لفيكتور هوجو ولامارتين ودي موسيه ولافونتين وتأثَّر بهم في شعره.
وقد تحدَّث كثيرٌ من
"
1,snippet_diff_author_diff_corpus_dev_in,Gumar_169,00628,"هالة/منو؟
احمد/اخر شخص ممكن تتوقعينه يخدمني بها الشي؟
هالة/طبيعي مابيكون ابوي لانه هو اللي مباعدها عن طريقك ....بس لاتقولي زينة؟
احمد تنهد وقال/أي..
هالة/احمد شسالفة؟
احمد/بجيكم اليوم وبسولف معك وانتي قولي لي رايك؟
//////////////////////////////////////////////////////////////////////
مطلق بعتب/يصير عاد ماتصبحيني بصوتك الحلو؟
"
1,snippet_same_author_diff_doc_dev_in,Hindawi_1,29179502,"٧١
سمع السيد أحمد عبد الجواد وقع أقدام على مدخل الدكان، فرفع رأسه عن مكتبه، فرأى ثلاثة شبَّان يتقدَّمون نحوه تعلوهم سيماء الجد والرزانة، حتى وقفوا لصق مكتبه وهم يقولون: السلام عليكم ورحمة الله …
فنهض السيد قائلًا بأدبه المعهود:
"
1,snippet_same_author_same_doc,Hindawi_1,85847308,"عند منعطف خان جعفر لاح لهم الجامع الكبير، فسمع أباه وهو يقول من الأعماق بصوت جمع بين رقة التحية وحرارة الاستغاثة «يا حسين!» ثم حث خطاه فتبعه وياسين وهو ينظر إلى الجامع وعلى شفتَيه ابتسامة غامضة. أيدور بخلد أبيه أنه
"
1,snippet_diff_author_diff_corpus_dev_out,Gumar_435,00533,"العنود طول الوقت ساكته ومو مستوعبه
سمر وهي تطالع أختها المصدومه وفيها الضحكه:وأنت وش رايك فيه يا اخوي
سالم:والله الرجال ما عليه كلام ضابط وما شاء الله عليه
غزلان:وهو من وين يعرفنا
سالم:يقول بنت خاله دلته علينا
سمر:ومن بنت خاله
"
9,main,Hindawi_32,61379142,"فإذا قيل: إنه لا يجوز أن يتغيَّر الإعراب في الآية، ويجب أن يكون المثل منتزعًا منها على التلاوة، قلنا: فإن ما يقابل الكلمة منها حينئذٍ هو هذا: «في القصاص حياة.» وجملتها اثنا عشر حرفًا، مع أن الكلمة أربعة عشر، فالإيجاز
"
9,snippet_diff_author_same_corpus_dev_in,Hindawi_94,91847183,"مثل هذه الحياة الاقتصادية التي تقضي على أهل شبه الجزيرة بالعزلة والتجوال، وتحتم عليهم مواصلة العمل لكسب الرزق، ولا تيسر إنشاء المدن الكبيرة، ليس في طبيعتها أن تقرَّ حضارة ثابتة القواعد باقية الأثر؛ ذلك بأن الحضارة ثمرة من ثمرات الاجتماع
"
9,snippet_same_author_diff_doc_dev_out,Hindawi_32,80383953,"(٢٠) رأينا هذه الكلمة مروية للمأمون، وهي: إن الجمال إذا وقع في ظاهر الروح كان صباحة، وإذا وقع في باطنها كان فصاحة. فزدناه عليها ما هو فوقهما مما لا يُعرَف إلا بالتخيُّل ولا حقيقة له في الواقع.
(٢١) نسبنا إلى
"
9,snippet_same_author_diff_doc_dev_in,Hindawi_32,63135060,"(٥٦) هذا المعنى مما انفرد العرب بعلمه؛ إذ لم يقع إلينا منه شيء يسمى تاريخًا، ولو أن أوضاع اللغة كانت منسوبة في الدواوين والمعاجم لأدركنا من إعجاز القرآن ومن قدرة البلاغة النبوية مثل ما أدركه العرب أنفسهم، أو قريبًا من
"
9,snippet_diff_author_diff_corpus_dev_in,Gumar_69,00522,"انبسطت ريم ولد عمها يفكر فيها قبل ما تجي للدنيا.... كانت تظن قصص الحب مجرد قصص خيالية.... لكن الحين صارت هي بطلتها.... ناظرته وتوها بتنطق دخلوا أخوانها....
سلمان: ياهوو مو كنا عطيناكم وجه بزيادة
سلطان: انتهى الوقت... ماجد أبوي يسأل
"
9,snippet_diff_author_diff_corpus_dev_out,Gumar_425,00509,"فكرت بروآن صديقتهآاللي أستحوذت على كل حياتها بغمضة عين
(معقوله يبعدني عنهآ بعد اللي صار ؟!مستحل اسمح له بهذا الشي هو فرض وجوده بحياتي غصب عني وبدون رآضي وأنآ راح أفرض عليه علاقتي مع روان سوآ رضآ أو مآرضى ماعلي
"
9,snippet_same_author_same_doc,Hindawi_32,61379142,"ولم يزد الجاحظ على هذا، ولو كانتِ الكلمة معروفة يومئذٍ لما فاتتْه كما هو صنيعه في كتبه، خصوصًا وهي أوجز وأعذب مما نسبه لبعض الحكماء؛ وهذه العبارة الأخيرة «قتل البعض …» هي التي زعم الرازي في تفسيره أنها للعرب …
"
9,snippet_diff_author_same_corpus_dev_out,Hindawi_41,97031861,"قلب الزمان على الخلافة قاسي
ما للزمان جري بغير قياس!!
أسقي لملك عاضدي عطّلت
حجراته بعد الندى والباس
أخذت بنان الغز من أمواله
ورجاله بمخانق الأنفاس
أبني عليّ والبتول وأحمد
وكواكب الدنيا وخير الناس
هذي حصون الروم عطل غزوها
وغزت
"
33,main,Gumar_214,01185,".. حس بدموعها تغرق التي شريت .. ابتسم .. عدل نفسه ولف يده وسحبها يبعدها بس هي عيت .. مو راضية تتركه .. دلال برجا: لاا تتركني .. أحمــد هئ هئ
أحمد وهو يسحبها بقوه وتصير مجابلته .. مسح على
"
33,snippet_same_author_same_doc,Gumar_214,01185,".. في فــلة بدر ..
عند الفطور .. نجوى بدلع: ما أبي ما أحب الطماط
بدر بصبر: يلاا جوجو علشان خاطري .. وبعدين الطماط زين ولاا نسيتي كلاام الدكتورة .. وهي تقول لج لاازم تتغذين عدل علشان البيبي
مدت شفايفها
"
33,snippet_diff_author_same_corpus_dev_out,Gumar_20,00240,"ريوف انتبهت ان ابوها يشبهها كثير
ريوف:يبه عندي اخوان؟
داوود:نعم
ريوف:وينهم؟
داوود:أحمد فقط في المدرسه الآن،، .. ريوف انتي تشبهيني كثير
ريوف:ايوه امي ما تشبهني ابد
ضحك رائد:قصدك انتي اللي ما تشبهي امك ابد
ضحكت ريوف على نفسها كانت متلخبطه......
"
33,snippet_diff_author_same_corpus_dev_in,Gumar_44,00569,"ثامر يقوم من كرسيه ويقابلها : وليه اكذب عليك ؟ وان شاءالله كاسبتها كل الادله الا ميه بالميه الادله عندنا والشهود موجودين يعني انتي نسبة نجاحك بالقضيه ميه بالميه مافيها حتى 99 بالميه
انا معك وماراح اخليك قلتها من الاول
"
33,snippet_diff_author_diff_corpus_dev_out,Hindawi_99,96404636,"وأنا زعيم لك أننا نحمل في صدورنا أنفُس العبيد، لأن فلسفتنا الأخلاقية كلها قائمة على تنفيذ ما نُؤمَر به.
ونحن كذلك عبيد في فلسفتنا الاجتماعية، سواء في ذلك الأسرة بصفة خاصة والمجتمع كله بصفة عامة؛ فالأسرة عندنا قائمة — من
"
33,snippet_same_author_diff_doc_dev_in,Gumar_214,00825,"نهى بدلع: طيب وأنا شنو ذنبي إذا متنسية عليه
سامي وهو يناظر الباب: بعدها جوفي الباب ما راح تقدرين تدخلين منه
ضربته على كتفه .. نهى: بلاا مبالغة عاد
سامي وهو يضحك: هههههههههه وصايرة دفشة بعد لاا يكون متنسيه على
"
33,snippet_same_author_diff_doc_dev_out,Gumar_214,00270,"كيف ماتضوي والكل حــــاضر وموجــــــــود
بشـــــوق المحبة نلتقي من سعــــــدها
عروسنا العروسة ياكل الحسن فيها موجود
يغـــــار منهــــا البدر من طلة هدبــــــها
عروسنا العروسة يابنت الاصل يابنت الجود
فيــــك القصـــــــــايد ماتوفي سببـــــها
عريسنا العريس ياكل الشهـــــامة بــــــلا زود
ولد الرجــــــــــال
"
33,snippet_diff_author_diff_corpus_dev_in,Hindawi_105,59615307,"وتطلعت نفسي للكتابة في الصحف، فاخترت جريدة «المؤيد» لأكتب فيها، وكنت في السنة الثانية من مدرسة القضاء، وأول مقالة كتبتها كانت أثر انتقال سعد باشا من وزارة المعارف إلى وزارة الحقانية، فكتبت مقالة عنوانها «خطأُ العقلاء» أبين فيها خطأ سعد
"
4,main,Hindawi_10,46486938,"فإذا مررت رأيت من عميانه
أممًا على أمواته قرَّاء
لست أستطيع أن أستعرض لك الجيوش الجرَّارة من أعاظم الرجال الذين اختاروا مهنًا لا تلائم فطرتهم فأخفقوا، ولم يفلحوا إلا حين لبُّوا نداء ميلهم فكانوا من عباقرة الدنيا.
فمن هؤلاء موليير
"
4,snippet_same_author_diff_doc_dev_in,Hindawi_10,71490515,"الحكمة: أحب شوقي الحكمة في شعره، ولا غرو، فأبو الطيب كان مثله الأعلى، فهو يميل إلى الحكمة العامة أشد ميل، حتى ترى عنوان قصيدة ولا تجد إلا قليلًا منها يدخل في العنوان، وما بقي فحكمة وغزل ووصف! وفي هذا ترى
"
4,snippet_diff_author_diff_corpus_dev_in,Gumar_69,00763,"طلعت البندري وسمعت صوت بسام يطق الباب ويتنحنح.... دخلته وقالت له اللي صار لسعد وزوجته....
سعد: إلا وين تريكي ماله حس
أم سعد: هذا زوج أختكـ تقوله تريكي كنه بزر
سعد: ههههه طيب وينه أبو فيصل... حلو كذا
مشاعل: راح
"
4,snippet_diff_author_same_corpus_dev_out,Hindawi_12,14904926,"بدأ بشعر الطبيعة الخالصة وقصائد الحب والمناسبات التي تفيض حزنًا وسخرية ثم زاد اتجاهه إلى القصائد التجريبية الخالية من القافية مع الإكثار من الاستعارات المجردة.
من أعماله
«البلد المحمود الطيب» (١٩٤٣م)، «قصائد» (١٩٤٨م)، «مطاردة» (١٩٤٨م)، «على الأرض» (١٩٤٩م)، «علامات الكون»
"
4,snippet_same_author_same_doc,Hindawi_10,46486938,"هذي مقدمة أحببت أن أسترعي بها انتباهك، بل قل إنها أحبولة أو طُعم، فنحن المعلِّمين أشبه بالصيَّادين نضع ذبابة في الصنارة لنصطاد حفشًا. ثق وتأكد أنني أحب أن أتحدث إليك؛ لأنني عاشرتك أربعين عامًا وأكثر، والمثل يقول: «عاشر القوم أربعين
"
4,snippet_diff_author_same_corpus_dev_in,Hindawi_7,81709058,"•••
في أوائل سنوات الرعب التقى صديقان، مع أحدهما ابنه الذي لم يكن يجاوز السنوات الخمس، وجلس الصديقان إلى مقهى، وتهامسا في السياسة، ثم أراد الصديق أن يحيِّي صديقه في مداعبة لابنه فقال: هيه؛ وأنت ما رأيك؟
فإذا بالطفل الحدث
"
4,snippet_same_author_diff_doc_dev_out,Hindawi_10,37520352,"أما فرح أنطون فهو كغيره من الرواد — تلاميذ ذلك الزمان — لا تعادل درجته العلمية الشهادة التكميلية من مناهج اليوم، ولكنه أخرج إلى عالم الأدب ما تقصر عنه دكاترة الأدب والفلسفة.
بزغ نجم فرح أنطون الأدبي مع هلال القرن
"
4,snippet_diff_author_diff_corpus_dev_out,Gumar_248,00669,"طلعنا من المحل
وأنا مو داريه عن شي
كيف صار كذا؟؟
في السيارة صرخ فيني بعصبيه أول مره أشوفها عليه وافي دايما هادي وما يعصب
جمانة أنا أدري بحركاتك لكن لهنا وخلاص ستوب في حدود برا البيت
انقهرت لأني مو
"
7,main,Hindawi_22,68024613,"ثم قالت: أتعجب إذ تسمع هذا مني؟ اعجب يا سيف ولا تحمل لي رحمة، فإني لا أحب أن يرحمَني أحد وإن كان ولدي. لست أُحِسُّ حزنًا.
فتحرك سيف قلقًا، ومضت رَيْحانة قائلة: الحياة والموت، والبؤس والشقاء، واليأس والأمل؛ كلها ألفاظ
"
7,snippet_diff_author_same_corpus_dev_in,Hindawi_71,20858508,"هذا الذي ما زلت تتهمينني بأني إنما ربيته لينزل بك العقاب يومًا ما. ثقي بأني لو ملكت عقابك لما أحجمت عنه. والآن فانطلقي وأعلني إلى الناس جميعًا أني قد فطرت على الشر والغضب والحمق؛ فإن ذلك إن يكن حقًّا فلن
"
7,snippet_same_author_diff_doc_dev_in,Hindawi_22,16416838,"ووَقَفَت عند باب الدار طفلة متهللة الوجه كأنها ملاك يسبح في السماء، تفتح ذِراعَيْها لجدها الشيخ الذي كان يميل أمامها ليرفعها بين ذِراعَيْه. عند ذلك فقط هَجَمَت عليَّ ذكرى المنظر القديم الذي رأيته من قبلُ، وتذكرت تلك الأطلال المتهدمة والكوخ
"
7,snippet_diff_author_same_corpus_dev_out,Hindawi_107,60626970,"أولًا: وهو أهم ما رمت إليه الرواية أن المرأة والرجل يشتركان في الإثم، والرجل غالبًا هو الذي يغوي المرأة، ويجرها إلى الإثم، ولكن الهيئة الاجتماعية تعاقب المرأة وحدها عقابًا أبديًّا قاسيًا، وتسامح الرجل تمام المسامحة فلماذا يسامح؟
ليس الغرض من
"
7,snippet_same_author_diff_doc_dev_out,Hindawi_22,60929519,"فقال في نفسه: ألم أفكر في ذلك حقًّا؟
ثم قال لها باسمًا: ستبحث لي علية عن زوجة ترضاها.
فقالت الأم في نغمة عتاب: أتخطب لك دوني؟ وهل تعرفك علية أو غيرها كما أعرف ابني؟
فقام فؤاد فقبَّل رأسها ويديها قائلًا:
"
7,snippet_diff_author_diff_corpus_dev_in,Gumar_425,00510,"هـــنــآدي & بــآســل
فرت هآربه من العيون التي تلآحقهآ ... رمت نفسهآ على الكنبه بقوه وارتفع صوت بكآهآ منظر فرح وهي تعآنق أبوه ألمهآ وجدد أحزآنهآ أقتربت لحظة رحيلهآ عن حضنهآ
لحقتهآ روآن وشوق .. رفعت راسهآ وصرخت : لآآآ
"
7,snippet_same_author_same_doc,Hindawi_22,68024613,"ثم نفضت القطعة الصفراء وداستها، فلوَّنت الطنفسة الثمينة التي تحتها ببقعةٍ صفراء. ورنَّتْ في سمعيهما في تلك اللحظة صيحاتُ الناس في الفناء واسم ذي يَزَن يتردد فيها. فقالت رَيْحانة: اذهب إليهم يا سيف. اذهب يا ولدي إلى شعبك الذي يَدِين
"
7,snippet_diff_author_diff_corpus_dev_out,Gumar_435,00533,"العنود:لا تقول لإخواني الله يخليك
مصعب:انا ما راح أقول غير انسي السالفه هذي وحلا رشحتك لي وآنا الصراحه انعجبت فيك كثير من كلام حلا عنك وانعجبت أكثر لما عرفت انك حولتي منازل علشان تديرين أبوك وتنتبهين عليه واللي يسوي كذا
"
5,main,Hindawi_12,83579057,"•••
الشعر إذن في صميمه غناء، لحن يعيد للعالم انسجامه وتوازنه، صياغةٌ جديدة لمصيره ومعناه، لأخلاقه وقوانينه، لشريعته وسياسته. هذا هو المثل الذي جاهد الشعراء في كل العصور لتحقيقه. والأسطورة الإغريقية القديمة التي تُروى في هذا المعنى غير بعيدة عن
"
5,snippet_diff_author_diff_corpus_dev_out,Gumar_12,00016,"فواز: شكلي بروح لبدور الحين..
ماجد: على طول مشا الله..
فواز: امزح معك بخليها بكره..
ماجد حط ايده على كتف فواز: ترى مو لازم تتغير اهم شي سعادتها اوكي..
فواز: وانت صادق...
&&&&&&&&&&&&&&&&&&&&&&&&&&&&&&&&&&&&&&&&&&&&&&&&&& &&&&&&&&
مشاري: اقول عيال خلونا نطلع مع
"
5,snippet_same_author_diff_doc_dev_in,Hindawi_12,86206252,"ألا لا تلوماني، كفَى اللوم ما بيا
فما لكما في اللوم خيرٌ ولا ليا
ألم تعلما أن الملامة نفعُها
قليل، وما لومي أخي من شماليا؟
فيا راكبًا إما عرضْتَ فبلغن
نداماي من نجران ألا تلاقيا
جزى الله قومي بالكلاب ملامة
"
5,snippet_diff_author_diff_corpus_dev_in,Gumar_496,00603,"والا هي داريه واثقه انها ماتقدر توقف قبالي..
لآفي الجمال.ز ولآفي شي ثاني ..تقدر تنافسني فيه..
وش له ها الثقه الزايدهـ...
الا هي شايفه الاوكيه منك ولو بنظرهـ..
انا الي العب الناس في ميداني..
تجيني هي تبي تطردني من مكاني..!
"
5,snippet_same_author_diff_doc_dev_out,Hindawi_12,14904926,"اشتهر بكتابة التمثيلية الإذاعية حتى لتعدُّ تمثيليته «أحلام» (١٩٥٣م) بداية عصرٍ مزدهر للأدب الإذاعي في ألمانيا، أضاف إليه إمكانياتٍ صوتيةً جديدة وخلع عليه روحًا شاعريةً مؤثرة وعالج مشكلات العصر ومآسيه بطريقة التزاوج بين الحلم والواقع، بحيث يبدو الواقع المؤلم كأنه
"
5,snippet_same_author_same_doc,Hindawi_12,83579057,"الشعراء الملمونون تفيرلين (ومن بين الَّذِين كتب عنهم رامبو ومالارميه).
١٨٨٥م
وفاة فيكتور هيجو في باريس.
١٨٨٥م
مولد ازرا باوند في هيلي (بالولايات المتحدة الأمريكية).
١٨٨٦م
مولد جوتفريد بن في مانسفلد.
١٨٨٧م
ظهور «الأشعار» لمالارميه (بدأت كتابتها منذ سنة ١٨٦٢م).
"
5,snippet_diff_author_same_corpus_dev_out,Hindawi_107,60626970,"أجل، هذا هو قضاء الطبيعة: الطبيعة تسوِّغ لك أن تفعل كل ما فيه مصلحة، أو لذة لك من غير التفات إلى ما يؤول إليه فعلك من الأذى لسواك؟
ولكن الشريعة مدنية أو أدبية جُعلت لمقاومة الطبيعة، ولوضع حد لحرية الإنسان،
"
5,snippet_diff_author_same_corpus_dev_in,Hindawi_22,68024613,"لم يكن بين الحرائر من هن أعنف منهما حرية. خَيْلاء التي هربت من أن تكون ملكة لتحفظ على نفسها اختيار المرأة الحرة، وطليبة التي وقفت وحدَها أمام العالم كله منذ كانت طفلة، تتحدى وتحقد وتعنف وتدافع وتسخر، والتي طعنت بالخنجر
"
11,main,Hindawi_37,86496931,"قال لي إنه يستطيع أن يحدثني عن مستقبلي، وحظي في الدنيا والآخرة إذا أردتُ، وقال إن مختار علي عرف أن نهايته هي شجرة الموت من بين صفحات هذا الكتاب، وسألني سؤالًا مباغتًا: وين دهب «ذهب» الأم؟
قلتُ له ببراءة: سرقه
"
11,snippet_same_author_diff_doc_dev_in,Hindawi_37,26020959,"ارحل …!
•••
الساعة تشير إلى العاشرة مساءً، وهو سيتصرف ببرود وثقة تمامًا كما كان الصادق الكدراوي.
بثقة/ببرودة.
ببرودة/بثقة.
كان يحمل متعلقاته على ظهره، ينتعل حذاءه الكولمان القوي، ببرود/بثقة: سنيلا سآخذها معي، أنا رسول نجاتها الاستثنائي، وسوف تذهب معي، وحينها
"
11,snippet_diff_author_same_corpus_dev_in,Hindawi_1,94868139,"ارتعد قلبه على الرغم من أنه لم يفهم للكلام معنًى، لكنها كانت لغة الموت على أي حال. واشتد به العذاب المتوقع حتى أوشك أن يصيح بهم أن اقتلوني، ولكنه لم يفعل. وفجأة هوى الجوال إلى الأرض فشهق وارتطم رأسه بالأرض
"
11,snippet_diff_author_diff_corpus_dev_out,Gumar_44,00570,"فهد : خلاص يالولوه انا تغيرت متى تحنين علي وعلى طفلي وطفلك .. حرام تحرميني منه وتعذبين نفسك عطيني فرصه ثانيه وش بتخسرين ..!.
لولوه بعنف : بالاول خسرت شرفي واهانتي وكرامتي .. تبغاني اعطيك فرصه ثانيه علشان تذبحني وتذبح
"
11,snippet_same_author_same_doc,Hindawi_37,86496931,"ولكن من محاسن فهمها أنها عَرفت أنني سوف أقوم بزيارة مُختار علي فحسب، ولا أرغب في رؤية أحدٍ غيره في فريق قرش.
– ولا صديقك؟
– نعم، ولا صديقي.
كانت الصافية تتكلم بصورة مستمرة، هي ليست عادتها، ولكن يبدو أنها
"
11,snippet_diff_author_diff_corpus_dev_in,Gumar_483,00586,"وطال الانتظار وفهااااد ما بين زييين يمكن اليوووم ما يقدر لجل عمي الشيييخ مريييض
.............
البدوور من طلع الصباااح غطت عينها وناااامت ولا دريت بشي حولها دخل غيث وهو يناظر ناحيتها
غيث:هذي ما صحيت صحيهاااا
قوت:يا خوووي هي ماناااامت الا
"
11,snippet_same_author_diff_doc_dev_out,Hindawi_37,19028174,"وهي ترد إليه ﺑ: سيدي ابن الإنسان.
والأغرب في الأمر، في النوم، أنهم جميعًا حلموا حلمًا واحدًا، حلمًا شاسعًا وكبيرًا، كان الموكب العظيم ينطلق من المغارة ذاتها، تتقدمه المرايم والنساء الكثيرات اللائي قدمن من نيالا وكاس وزالنجي مؤمنات ومحبات، كان
"
11,snippet_diff_author_same_corpus_dev_out,Hindawi_72,80940683,"ونحن على اعتقادنا أن التوصيف الطبي يساعد كثيرًا على تمييز هذه الأمراض نعلم أن مجال التقديرات الفكرية لم يزل متسعًا جدًّا لغير المتخصصين في المسائل النفسية؛ لأن المعول الأكبر فيها على شواهد الأعمال وقرائن العادات والمألوفات.
فالمفهوم أن جنون القسوة Sadism
"
28,main,Gumar_12,00241,"ابتهال ماهي قادره تجمع: احنا عندنا حلال!! وليه ابوي ما سأل عنه...
ضاري باختصار: لا تدخلين نفسك في متاهات ولا راح تضيعين..خلينا في المهم الحين...عندكم اروراق في بيتكم...؟
مدى: الا في صندوق بغرفة ابوي...فيه اوراق..
ضاري: عال العال...ابي هذا الصندوق...
"
28,snippet_diff_author_same_corpus_dev_in,Gumar_214,00825,"ابتسمت وهي تهز راسها وقلبها يدق بـ قوة وفي نفسها ""واخيراً بجوف أمي آآه وقسم واحشني حضنج الحنون يا يمه إلي إنحرمت منه ثلااث سنين .. الحمد الله يا ربي إلي رجعتني لها الحمد الله"" .. حطت المفتاح في قفل
"
28,snippet_diff_author_same_corpus_dev_out,Gumar_69,00937,"حط أبو أحمد يده على كتف مازن وقال: شنوو ما أبيك أنت ولدي... - ابتسم بألم وقال: من خذتك الخدامة وأنت اللي شاغل بالي... كل ليلة أفكر فيك وأفكر كيف عايش عند القصيمي اللي خذك
مازن ودموعه بخده: من كم
"
28,snippet_same_author_same_doc,Gumar_12,00241,"دانا سكتت"" اوووف ياربيه...كذا البنات اللي يحبون؟؟؟""
وسمعوا رنة موبايل ابوهم...واريام ركزت مع المكالمه..
حمد: الوو..هلا والله...ايوه معاك حمد ال (...)..سم بغيت شي...يا هلا والله تنور...طيب انتظرك..مع السلامه..
موضي: مين....؟
حمد: ما ادري ...واحد يبي يزورني ويقول ابيك في موضوع
"
28,snippet_diff_author_diff_corpus_dev_out,Hindawi_133,69073918,"(المخصص ج٦ ص٢٠١) النفيضة: الجماعة يتقدمون الجيش فينفضون الأرض لينظروا ما فيها، وهم النفضة «وكذلك الطليعة والربيئة».
السَّرِيَّة: (المخصص ج٦ ص٢٩٩) ابن السِّكِّيت: السريَّة ما بين خمسة أنفس إلى ثلاثمائة، غيره: هي نحو أربعمائة.
(اللسان ج١٩ ص١٠٥)، السريَّة: ما بين
"
28,snippet_same_author_diff_doc_dev_in,Gumar_12,00242,"اريام: لا حول الله...
مدى: حسبي الله ونعم الوكيل ...يرضي نفسه على حساب بنت صغيره الوسخ..
دانا: بليز ابي اساعدها ..اشواق تعاني لحالها..وانا كنت اضغط عليها وانا ماني عارفه...كنت اقولها تغيري ..كانت تقول ما اقدر غصب عني..
اريام: اكيد اخفت
"
28,snippet_diff_author_diff_corpus_dev_in,Hindawi_82,15792571,"ملك إسرائيل والرجل
ركب أحد ملوك إسرائيل يومًا في زي عظيم، فشخصت نحوه الناس ينظرون إليه أفواجًا، حتى مرَّ برجل ورأى شيئًا مكبًّا عليه وهو لم يلتفت إليه ولا رفع رأسه، فوقف الملك عليه، وقال: كل الناس ينظرون إليَّ إلا
"
28,snippet_same_author_diff_doc_dev_out,Gumar_12,00016,"مها: ومن بعد هذا الحادث صارت كذا...
ريم: ايوه تحس ان الدلع والهدوء ضعف وانه ما يمشي بالزمن هذا الا القوي واللي الناس تهابه..ترى هي قويه من برى بس لكن من داخل هشه بسرعه تنكسر وكمان تبكي من داخل لان
"
14,main,Hindawi_56,39714175,"– أراه تَعِبًا يحتاج إلى ممرِّض يعتني به الاعتناء التام.
– أنا أهتم بكل ما يلزم.
– يظهر أنه حصل له حركة في هذه الليلة، مع أن الانفعال والتأثر مُضِرَّانِ به جدًّا. ثم نهض فرافقته إلى الباب الخارجي، وقبل أن
"
14,snippet_diff_author_diff_corpus_dev_out,Gumar_12,00016,"رغد: خفت انك ما ترضينها لاخوك وبتقولين حددي بأسرع وقت يا وليد يا تركي..
الهنوف: صح هذا كلامي وهذا الكلام الصح..بس ما راح اضغط عليك..
رغد: وش اسوي ياالهنوف..شوري علي..
الهنوف: هالمره الشور شور قلبك يا رغد...اسألي قلبك وهو دليلك..
"
14,snippet_same_author_diff_doc_dev_in,Hindawi_56,82646393,"كذلك قرأتُ باهتمامٍ تدوين مناقشتنا الأخيرة منتظرًا منك الحكم النهائي. ولقد ذكرتِ أنك شكَّلتِ من قواك «هيئة محلَّفين»، ولكن نسيتِ أن مثل تلك الهيئة لا تُنهي القضايا على الوجه الذي اخترتِ، وإنما عليها أن تهيِّئ حُكمًا ما، للدَّائرة العليا نقضه
"
14,snippet_same_author_diff_doc_dev_out,Hindawi_56,51305974,"متاتياس (يتنحنح كعادته ليقول شيئًا خطيرًا): وكم دفعت ثمن الأرغن الذي جئتَ به البارحة؟
شفيق (بتأدب): هذا أمر لا يعني غيري.
متاتياس (يغضب حقيقة هذه المرة): شئونك المالية لا تعنيني؟
شفيق (ينجح في أن يكون هادئًا كالأول): إنها لا تعني
"
14,snippet_diff_author_diff_corpus_dev_in,Gumar_483,00588,"خبر عتاب ليث بالي يصير لقوته وانتقل ليث فكره بالبدور وكاااد انه صار معها نفس الي يصيير لقوته هالحيييين اويلاااااااااه لجل اتشوف ان كنت انا الي انصاب ضحت بحياتها وطلعت لجل تنصااب ليييه يا ام راكااان وش اسوي هالحيين وشلووون
"
14,snippet_diff_author_same_corpus_dev_in,Hindawi_160,20916382,"وضعت ذات طبق الفطائر على السفرة وكرَّت إلى المطبخ لإحضار المزيد من الأطباق، وإذا بها تجد بوسي قد فعلتها بسخاء شديد أسفل المائدة التي تحمل طورطة الدكتور. واختارت العفاريت هذه اللحظة نفسها لتفعلها هي أيضًا.
فبينما ذات تتأمَّل في اشمئزاز
"
14,snippet_diff_author_same_corpus_dev_out,Hindawi_21,49386150,"– أنا خايفة يجهضوها.
– ما فيش خوف بعد النهارده.
– أيوه.
– أنا معاكي يا هنادي.
– وأنا معاك يا جلال.
أحاطها بذراعيه وأحاطته بذراعيها.
أقام لهما الميدان حفلة زفاف عزف فيها الشباب والشابات موسيقى الثورة وأغانيها، أنشد الشعراء
"
14,snippet_same_author_same_doc,Hindawi_56,39714175,"في أول هجمات الليل ابتدأ النِّزَاع، فشعرت مرغريت إذ ذاك بخوف هذه الوحشة الهائلة وحدها، وعند انتصاف الليل استدعتْ والدتَها وأجلستها في ركن من الغرفة، وبقيت هي بجانب السرير الذي كان لم يزل يحتوي على آثار تلك الروح الراحلة إلى
"
2,main,Hindawi_6,48462695,"– آه، دانا فضلت طول السكة اقول رشدي، رشدي، رشدي، عشان ما انساش اسمه.
وفي ومضة اختلط وجه رشدي الدائم الاحتقان المنتفخ بالسمنة، وعيناه الصغيرتان المدسوستان في ملامحه، وابتساماته الخجلة يوم ذهب إليه في العباسية ومعه حقيبة الديناميت واعتذر وتحجج
"
2,snippet_diff_author_diff_corpus_dev_out,Gumar_435,00533,"العنود:لا تقول لإخواني الله يخليك
مصعب:انا ما راح أقول غير انسي السالفه هذي وحلا رشحتك لي وآنا الصراحه انعجبت فيك كثير من كلام حلا عنك وانعجبت أكثر لما عرفت انك حولتي منازل علشان تديرين أبوك وتنتبهين عليه واللي يسوي كذا
"
2,snippet_same_author_diff_doc_dev_in,Hindawi_6,17394169,"وكان عوف هو الآخر يضحك بقلب، ويحلم بقلب آخر أن تمتدَّ يدٌ في حِجره وتُدفئ أصابَعه بالثلاثين قرشًا التي داخ عليها من المغرب. وبقيت أصابعُه باردةً في حِجره.
وشخط عوف في المرأة قائلًا: عليَّ الطلاق إن ما روحتي …
وعلى
"
2,snippet_diff_author_same_corpus_dev_in,Hindawi_85,74636907,"وبالطبع لا يمكن إنكار أن جانبًا كبيرًا من النشاطات والنتائج التي توصلت إليها هذه العلوم، قد سُخر لخدمة الأغراض والمصالح الطبقية والاستعمارية.
فمنذ مطلع هذا القرن، أكثرت الدول الاستعمارية من استخدام الخبراء الاجتماعيين، وتعيينهم مستشارين في إداراتها الحكومية، ومن هنا
"
2,snippet_same_author_same_doc,Hindawi_6,48462695,"وبدا له الأمر مستحيلًا، مستحيل أن يكون المكان الذي ظل يبحث عنه ليهرب من مطارديه ومن الناس الذين قد يتطوعون لإمساكه، أن يكون هذا المكان الأمين هو قلب الناس أنفسهم.
وراح يتطلع إلى الوراء مرات ليتأكد، ولم يجد سوى شمس
"
2,snippet_same_author_diff_doc_dev_out,Hindawi_6,75730581,"ولكن الذكاء وحده ليس كل شيء …
فبجانب الذكاء لا بُدَّ من أشياء أخرى.
فلكي تلوي عنق التاريخ لا بُدَّ من عمل شاق.
والتصدي للعمل الشاق طموح إنساني مشروع.
ولكن الطموح في حاجة إلى قوة وقدرة ورصيد.
•••
أنا لم
"
2,snippet_diff_author_same_corpus_dev_out,Hindawi_41,97031861,"قلب الزمان على الخلافة قاسي
ما للزمان جري بغير قياس!!
أسقي لملك عاضدي عطّلت
حجراته بعد الندى والباس
أخذت بنان الغز من أمواله
ورجاله بمخانق الأنفاس
أبني عليّ والبتول وأحمد
وكواكب الدنيا وخير الناس
هذي حصون الروم عطل غزوها
وغزت
"
2,snippet_diff_author_diff_corpus_dev_in,Gumar_12,00241,"ضاري: طلع متهم بقضية سرقه...
ابتهال: مستحيل...سلطان يسرق مستحيل...
مدى سكتت واستوعبت التغيير اللي حصل على سلطان في الشهور الاخيره...وكم مره شافته متهاوش ويرجع متاخر ....ولا علقت..
ابتهال: مدى تصدقي في سلطان...!!
مدى ودمعت عيونها: لا كنت ملاحظه عليه..
ابتهال
"
38,main,Gumar_483,00586,"على المسا طلب عتاب من قوته تحط فراشها جنب البدور لاكنها رفضت وقالت انها تخاف تنام جنبها لجل ماتقووم وتذبحها ضحك عتاب وقال خلي بينكن مسافه اربع خطاوي
اما عتاب فتوسد وساده بعيد عنهن وعينه عندهن كل شوي على اخر
"
38,snippet_same_author_diff_doc_dev_out,Gumar_483,00587,"سعد طلب انه يدخل عند البدور لحاله لجل يفهم منها السالفه كلها وقف قدامها ورفعت نظرها له وتفاااجئت به بدت دموعها تنزل
جلس سعد مقابلها
البدور من بين دموعها:انتــ انت بعدك حي والله اني قلت ان الهرج كله كذب
سعد:انا
"
38,snippet_same_author_same_doc,Gumar_483,00586,"العمه:لزوووم يا بنيتي تنامي السهر مهب زييين وحنا لزووم نصحى من الصبح الشييخ مرييض والزوار كثار لزووم نوجب الزوااار
المها:زيين يا عمه اني حتى لو ما انااام اقوم من الصبح
العمه:زين اخمدي النار وتعالي نامي
رضخت المها للعمه ورجعت لفراشها
"
38,snippet_diff_author_diff_corpus_dev_out,Hindawi_22,60929519,"فقال فؤاد متمتمًا: أنا سعيد بهذه الثقة.
وأضافت علية: ولكني لست أدري إذا كان ذلك التدخل يُجْدِي.
وجاشت نفس فؤاد إذ تأمَّل موقفه الجديد منها، أهذه الثقة أحب إليه أم أحلامه الأولى؟
وسألها: أحقًّا قد تخلَّف صدقي لقضاء شئون لا
"
38,snippet_same_author_diff_doc_dev_in,Gumar_483,01158,"وحس ان نور نعمه ارسلها الله له ونووور انار له حياته
قرب منها وهمس
زايد:تبينا انروح فوق
ابتسمت وتمت امنزله راسها تحت
كفايه عليك يا زااايد الابتسامه تصريييح بكل شي
وقف ومسكها ايساعدها وودع الكل وتوجهو للسلم والكل يتمنى الهم
"
38,snippet_diff_author_same_corpus_dev_in,Gumar_496,00603,"كلما قالوا عشانه..!
قلت قدام..!
.
.
.
بيت الراسي..
سيوف تلبس درر تأخذ الريموت وبحده\درر وبعدين معك ليه ماتسوين مثل حبيبتي وسن..؟
وسن بـتهكمـ\عادي ماما هي نفس عمي عناد..عنيدهـ..
درر تدخل في نوبة بكاء محمل بموجه كبيره من الدلع..
"
38,snippet_diff_author_same_corpus_dev_out,Gumar_69,00937,"حط أبو أحمد يده على كتف مازن وقال: شنوو ما أبيك أنت ولدي... - ابتسم بألم وقال: من خذتك الخدامة وأنت اللي شاغل بالي... كل ليلة أفكر فيك وأفكر كيف عايش عند القصيمي اللي خذك
مازن ودموعه بخده: من كم
"
38,snippet_diff_author_diff_corpus_dev_in,Hindawi_56,39714175,"– وابنُكِ يا مرغريت؟
– ابني لا يحتاج إليَّ اليوم ولا غدًا، بل وفي الحالين لا أترك ألبير، قد تركته مرة في الحياة وذلك لا يعني أني أتركه في ساعة الموت. قالت هذا وخنقتها الدموع فلم تدرِ أمها ماذا تقول؟
"
19,main,Hindawi_74,59429042,"فقال لهُ: «إليَّ يا غلام».
فحالما رأى الغلام العمامة الحجازية خاف وأسرع نحوه.
فقال لهُ: «لمن هذا الفرس؟»
قال: «هو للأمير فلان».
قال: «ومتى اقتناه».
قال: «أول البارحة».
قال: «وممن اشتراه».
قال: «من بعض الرهبان عرضهُ للبيع في سوق الأربعاء».
"
19,snippet_diff_author_diff_corpus_dev_in,Gumar_69,00091,"تسوء ومن بعدها سكرنا على الموضوع وتقبلتها بحياتي
ريهام بحزن :ياعمري عليك وانت ساكت ومستحمل
احمد بتنهيده :..............
ريهام قامت وحضنته :ياقلبي عليك
حمد يحضنها اكثر :الحمدالله على كل حال وهذا ربي عوضني فيك
ريهام :ان شاءالله ربي يقدرني واسعدك
"
19,snippet_same_author_same_doc,Hindawi_74,59429042,"الفصل السادس والمائة
############################################################
دير هند الصغرى
وكان الخادم واقفًا وقد ذهل لما رآه فتقدم إلى هند فأومأ إليها أن عملها هذا مخالف لشروط الرهبنة فقالت: «دعنا نذهب إلى الرئيسة» فنهضت ونهض حماد ومشيا لمقابلة الرئيسة وفيما هما في الطريق
"
19,snippet_diff_author_same_corpus_dev_in,Hindawi_7,86491805,"وتقدمت منه فايزة لم تسأله شيئًا ولم تهتم بشيء إلا أن تقول: لا تخف يا يسري.
وانضم المحامي الكبير إلى زميله الذي جاء مع خيري، وراح ثلاثتهم يتحدثون، وابتعد عنهم رهط الأقارب. وكتب خيري لفايزة: «ما كان لك أن تأتي
"
19,snippet_diff_author_same_corpus_dev_out,Hindawi_41,97031861,"– أكرم الناس!! هؤلاء البُله المفاليك الذين يصفقون لكل غالب!! … إنني عزمت على مكاتبة جميع ملوك الساحل من الإفرنج؛ ليهجموا على مصر من طريقين: طريق بلبيس، وطريق دمياط.
فلمع الغضب في عيني شجاع وقال: والله لئن لم تنته عن
"
19,snippet_same_author_diff_doc_dev_out,Hindawi_74,40915851,"وكان سليمان يتكلم وهم يتطاولون بأعناقهم، ولا سيما يوليان، فقد حسب نفسه في حلم، وكان وهو يسمع الحديث يبحث ببصره عن بدر في جوانب الخيمة وقلبه يخفق. وكانت الشمس قد غابت وأظلمت الخيمة، وأحس طارق من تلك الساعة كأن غشاوة
"
19,snippet_diff_author_diff_corpus_dev_out,Gumar_796,01047,"إبتسمت جواهر لذكره:فهر غير وإنتي غير..
ضمتها عذاري وعينيها أمتلأت بالدموع:بشتاقلك ..
بادلتها جواهر الضمه:وأنا..
وتبعدت وتوجهت للسياره وجواهر تتبعها بعينيها سأشتاق لك
أخذت نفس:أخيرا رجعتي يا توأم روحي..
:رجعت بس تحركي ما خلصتي سرحان..
ضحكت جواهر فيبدوا أن فهر
"
19,snippet_same_author_diff_doc_dev_in,Hindawi_74,41728357,"فقال: «تركناه ليطمئن قلبه، ثم نرى.»
فلما سمع قوله خشي أن يكون في نيته غير القتل، فقال: «ثم ترى ماذا؟ اقتل، ثم اقتل، ثم اقتل، وإذا لم تقتله قتلك.»
فضحك المنصور وقال: «لا تخف؛ لا يلتقي فحلان في أجمة إلا
"
31,main,Gumar_69,00763,"ريان: أولا أبوكـ توفى الله يرحمه ويغفر له... ثاني شي لا تنسين أن أبوكـ رجع لنا حقوقنا... صحيح مو شركة بس مبلغ كبير... واشتغلت فيها أنا واخواني من الصفر والحمد لله أمورنا ممتازة... وبالنسبة للثقة أنا واثق فيكـ وعارف أن
"
31,snippet_diff_author_same_corpus_dev_out,Gumar_796,01047,"إبتسمت جواهر لذكره:فهر غير وإنتي غير..
ضمتها عذاري وعينيها أمتلأت بالدموع:بشتاقلك ..
بادلتها جواهر الضمه:وأنا..
وتبعدت وتوجهت للسياره وجواهر تتبعها بعينيها سأشتاق لك
أخذت نفس:أخيرا رجعتي يا توأم روحي..
:رجعت بس تحركي ما خلصتي سرحان..
ضحكت جواهر فيبدوا أن فهر
"
31,snippet_same_author_diff_doc_dev_out,Gumar_69,00937,"غزلان: جد!!... - ناظرت أمها وقالت: قلت لك يمه مازن هو توأم أحمد وتقولين نتأكد قبل
أم أحمد: محمد
التفت محمد وقال: سمي يمه
حطت أمه يدها جنبها وقالت: تعال يا يمه أجلس جنبي
ابتسم محمد لأنه مبسوط، صار عنده
"
31,snippet_diff_author_diff_corpus_dev_out,Hindawi_73,85938393,"•••
فسارعت باسمة وإن ظلت عيناها زائغتين، وحطَّت على كتفها وهي سائرة حمامةٌ بيضاء فأمالت إليها خدها.
وقال صاحبي: «جاروا للمرة الثانية، والحمامة شاهدي.»
ونُودي الثالث، وكان إلى جانبي. فرفعتُ إليه عيني وعجبت كيف يكون صاحب مثل هذا الوجه شريرًا؟
"
31,snippet_diff_author_same_corpus_dev_in,Gumar_248,00311,"محمد تنهد اوكيه لا تبكي ما أحب أشوف دموع كنت أحب أما الحين أنا متزوج عيب أتكلم بمواضيع زي كذا خصوصا اللي بتتكلمي عنها فرحها بعد اسبوعين
سارا اتطمنت استجاب لها طيب كمل
محمد يحاول يتماسك نفسه كاريس كبيرة ثلاثين
"
31,snippet_same_author_diff_doc_dev_in,Gumar_69,00522,"أبو نواف جالس وجنبه زوجته يسولفون بهمس.... بسمة وأسماء ياكلون بهدوء وهم يراقبون نواف ورنا اللي جالسين قبالهم.... يتساسرون ويضحكون....
رنا: نواف
نواف: خييير
رنا: بذمتك هذا غدا
ناظر نواف الصحن وابتسم: إيه أكلي وأنتي ساكته
رنا: حرااام عليك أنا
"
31,snippet_diff_author_diff_corpus_dev_in,Hindawi_21,62618150,"وآيات من القرآن معروضة داخل علب من الزجاج وسلاسل حديدية صدئة كانت تُستخدم لربط العبيد، سفينة طويلة رُسم عليها العبيد راقدين في القاع كالسردين، لوحة كبيرة لامرأة قوية ضخمة من نساء الأمازون تمسك يدها رأس رجل من الحكام، وقالت «آن»:
"
31,snippet_same_author_same_doc,Gumar_69,00763,"طلعت البندري وسمعت صوت بسام يطق الباب ويتنحنح.... دخلته وقالت له اللي صار لسعد وزوجته....
سعد: إلا وين تريكي ماله حس
أم سعد: هذا زوج أختكـ تقوله تريكي كنه بزر
سعد: ههههه طيب وينه أبو فيصل... حلو كذا
مشاعل: راح
"
40,main,Gumar_796,00967,"بشــرى:كانت غير موجوده بالأساس ولكــن فكرت في كفاح من هي حبيبته فأتت في ذهني وأصبحت بطله من أبطالنا..
قاســــم:كم تدمع عيني حين أمر بمواقفه الرائعه فقد أسعد قلبي كثيرا فهو بطلي الفكاهي وأستحقه عن جداره فسأفتقدك كثيرا وأفتقد جوك الرائـع
"
40,snippet_diff_author_same_corpus_dev_out,Gumar_496,00604,"يرفلون بكنف والداً كـ بتال..
لمـ آعد آريده...
فـ وجوده آيضاً لـيس له [عازه]...!
.
.
.
صـرخة من قاعٍ مهجور بألم\آثنينكمـ مالكم عازه عندي.....كل سنين البعد ماآثرت فيكـ...
و...
مستحيل تكون في يومـ ذقت طعمـ الحب الي تدعيه بـ
"
40,snippet_same_author_diff_doc_dev_in,Gumar_796,00966,"فالأخير قال طارق لأخوه إنه بنفسه بيجي ويجلس عنده فغرفه خارج البيت وانهم بيبدوا علاجه الجسدي قبل عن النفسي لأن الرضوض زادت فوجهه وجهه تشوه اكثر من مره بسبب طيحاته من فوق ومرات يتعقر ويتعور
فالأخير طارق قال لهم إن
"
40,snippet_diff_author_diff_corpus_dev_out,Hindawi_105,59616186,"ويتصل بهذا أن الأدباء عندنا صنفان: صنف نضج وتكون واستوى على عرش الأدب، وهؤلاء هم القادة، وهم أفراد معدودون تسالموا وتهادنوا، وحرمنا ما بينهم من خصومة أدبية وعلمية، وأصبح كل منهم كالعُشَراء، لا تميل إلى النطاح ولا ترجو إلا السلامة.
"
40,snippet_diff_author_same_corpus_dev_in,Gumar_20,00029,"أقول زدنـــــي من الهـــــوى ماكفانـــــي ..""
أنت الوحيد اللي على القلـــب مألـــــوف ..
وانت الذي أسقيـــه صافــــي حنانـــــي ..""
في وسط قلبـــي يالغلا أدخل وطـــــوف ..
أنـــــا بحبـــــك يـا حبيبــــي أنانـــــي ..""
لني عطيتك في الهوى عهــد وحلـــــوف ..
واعطيك
"
40,snippet_same_author_diff_doc_dev_out,Gumar_796,01047,"إبتسمت أم جواهر:الحمدلله ولدت وجابت بنت..
تنهدت براحه والتفتت لليقظان:أختي جابت بنوته..
إبتسم اليقظان:ألف مبروك يأبو المنذر..
فهر ببتسامه:الله يبارك فيك وعقبالك..
إلتفت اليقظان لجوارس:سمعتي عقبالي..
صدت عنه:ابا أكمل دراستي..
ضحك الجميع فجوارس واليقظان لا زالا يتقاتلان على هالنقطه من
"
40,snippet_same_author_same_doc,Gumar_796,00967,"وراح طارق ورن تلفونه إبتسم لما شاف المتصل:هلا والله..
:ولا تقول بسوف(بشوف) دلوعتي..
إبتسم:الحين بطلع لما أرجع بشوفك,,أمممم أخبارك وأخبار بنتك الخوافه..
إبتسمت فبنتها تخاف من طارق بسبب صوته:الحمدالله بخيرين..
طارق:والبيـان وعبدالله..
كشرت:بعدهم يتضاربوا ما كأن أب وولده لا مساركين(مشاركين)
"
40,snippet_diff_author_diff_corpus_dev_in,Hindawi_10,46486938,"تلك كلمات خاطبني بها بوَّاب البيت، وأمَّا أصحابه فكانوا ملتفِّين حول مائدة القمار كالحلقة المفرَغة، ساكتين لا يُسمع لهم حسٌّ كأنهم في صلاة عقلية، فنزلت من ذلك البيت كاسف البال أقول لربي: إذا كان الأغنياء لا يغيثون البائس فمن يغيثه؟
"
27,main,Hindawi_160,39426136,"سمعتُ زمَّارة سيارة بعد مدة، فمضيتُ إلى الشرفة، ووجدتُ سيارة أجرة أمام المنزل، أغلقت باب الشرفة، واطمأننتُ على وجود جواز السفر وبطاقة الطائرة في جيبي، ثم علَّقتُ الحقيبة الصغيرة في كتفي، وحملتُ الأخرى في يدي. وألقيتُ نظرةً أخيرة حولي، ثم
"
27,snippet_diff_author_same_corpus_dev_out,Hindawi_105,59616186,"على كل حال ليس قانون تجاذب الشخصيات وتنافرها قانونًا بسيطًا سهلًا يمكن الفصل فيه بكلمة.
•••
هذه الشخصيات الإنسانية تختلف قوة وضعفًا اختلافًا أكثر مما بين الآلات الميكانيكية والمصابيح الكهربائية، فهذه شخصية عاجزة ضعيفة ذليلة، لا يكاد يتبينها الإنسان إلا
"
27,snippet_diff_author_diff_corpus_dev_in,Gumar_425,00507,"الكل : وعليكم السلام
ام يوسف بفرحه : هذي عروسة ولدي
ام هديل : ايه هذي شهد يام يوسف
مريم تهمس لأم محمد : مشاء الله تجنن
ام محمد : ايه هي حلوه كلهم والله حلوآت بس ذي بزود
مريم
"
27,snippet_diff_author_same_corpus_dev_in,Hindawi_71,42702649,"وهن في ذلك وإذا بالخادم يستأذن لمورو، فأما الشيخة فيحنقها ذلك، وأما «جاكلين» فتستقبله، وهي تستقبله باسمة وهو يقص عليها أمره وأنه خرج من عندها أمس متأثرًا مفتونًا، فلم يملك نفسه فذهب إلى أهل الفتاة وجلس إليها، ثم لم يلبث
"
27,snippet_same_author_same_doc,Hindawi_160,39426136,"– لأنكِ لا تُحبين إلا نفسكِ.
قالت هازئة: كيف عرفتَ؟ أنا فعلًا أحب جسمي.
– أنا أتكلَّم جادًّا. أنت تأخذين فقط، أتحدَّاكِ أن تذكري مرةً واحدة أعطيتِ فيها.
ابتسمَت وأومأت بذَقنها إلى الأريكة وهي تقول: كثير. معك مثلًا.
قلت: معي،
"
27,snippet_same_author_diff_doc_dev_in,Hindawi_160,20916382,"سواء كانت العفاريت بما جُبلت عليه من شغف بالدعابات السمجة هي المسئولة عمَّا بدر من ذات من خلط في المقادير والأوقات، أو كان الأمر راجعًا إلى ما ينتابها أحيانًا من تردُّدٍ ونسيان؛ فإن العجينة البنية اللون التي أُودعت الفريزر لم
"
27,snippet_same_author_diff_doc_dev_out,Hindawi_160,30491917,"رفعتُ الصورة التي انتهيتُ من طباعتها في الضوء. كانت باهتةً للغاية ضعيفة التباين. كما ظهرَت بها بعض فقاعات الهواء. وضعتُها جانبًا وتناولتُ النيجاتيف ورفعتُه في الضوء. لم تكن المشكلة في التصوير ولا في التحميض. قرَّرتُ أن أُعيد الطباعة مع تغيير
"
27,snippet_diff_author_diff_corpus_dev_out,Gumar_796,01047,"عبدالله:إيش رأيك نروح المستشفى إنتي من أيام ما على بعضك..
هزت رأسها بـ زين :بس ما اليوم..
إبتسم:براحتك..
ناظرته:عصر بروح المستشفى بنت عمي مربيه..
هز رأسه بـ زين وهو يشير لعينيه:من عيوني كم رنوم عندي..
رنيم بخجل:وحده..
غمز لها:وفديتها..
***
"
16,main,Hindawi_71,14820685,"والمثقفون يقرءون أطرافًا من حياة قيصر وابنه أوكتاف، ثم لا يلبثون أن ينسوا ما قرءوا، ولكن المدارس والجامعات ستُكون عقول الصبية والشباب بأدب سيسرون، وليس المهم أن يكون سيسرون رجلًا خَيِّرًا أو شريرًا، وإنَّما المُهم أن يكون سيسرون قد ترك
"
16,snippet_same_author_same_doc,Hindawi_71,14820685,"وكان بعد هذا كله، ينصح في كتبه وخطبه بالقصد والاعتدال وإيثار الشظف والخشونة، ولكنَّ رسائله الخاصَّة تشهد عليه بأنَّه كان مترفًا مُسرفًا في الترف، يغلو في حُبِّ المَظاهر، ولا يَطمئن إلا إذا نال من مظاهر الثروة والرِّفعة ما يُلائم غُروره
"
16,snippet_diff_author_same_corpus_dev_out,Hindawi_82,79405794,"وقيل لأحدهم: أي الجنن أوقى؟ قال: العافية.
وقيل لآخر: لو استرحت؟ فقال: كفى بالأجل حارسًا.
وصف الدروع
قال المتنبي:
يَخُطُّ فَيهَا الْعَوَالِي لَيْسَ يَنْفُذُهَا
كَانَ كُلُّ سِنَانٍ فَوْقَهَا قَلَمُ
ويستحسن لابن المعتز:
كَأَنَّهَا مَاءٌ عَلَيهِ جَرَى
حَتَّى إذَا مَا غَابَ
"
16,snippet_diff_author_diff_corpus_dev_in,Gumar_20,00028,"راكان :-ههههههههههههههههههههههه n70
دانه :- هههههههههههههههههههه اعرفك تحبه
راكان :-ماعندي وقت اغير في الجوالات هو يتصل ويرسل خلاص ينفع وبعدين تعودت عليه
دانه :-هههههههههههههههههههههههه عشان كذا انا محترمه نفسي وشريته لك
قال بحب :-تسلمين قلبووووووووووووو
وغمز لها وهمس لها بكلام
"
16,snippet_same_author_diff_doc_dev_out,Hindawi_71,60473902,"وانتصف النهار، أحس فيلسوفنا الجوع والظمأ، فيسأل الطائر: من لنا بطعام وشراب؟ قال بريبيش: والعلبة التي أهداها إليك أمس دروكلكسيس أين هي؟ هي معي. إذن فأخرجها وافتحها، فيخرج العلبة ويفتحها فلا يروعه إلا فتاة ظريفة قد خرجت منها مبتسمة محيِّية
"
16,snippet_diff_author_diff_corpus_dev_out,Gumar_496,00604,"وتقللـيين احترامي بـتسكيرة الخط بوجهي ..
ومأكأنك تكلمين زوجك الي احترامه وتقديره واجب عليك..
.وش خليتي لـبنت الاربع طعش من الجهل وحركات المراهقات...؟
.
.
.
مراهقات يازوج الثلاث..
لـيس هناك مراهقاً سواك...
تذهب برحلة علاج
لتلك التي تضج حياة...
"
16,snippet_diff_author_same_corpus_dev_in,Hindawi_32,63135060,"(٧٨) يريد أنه أساس تاريخي لما سيبنى عليه، فليضعوا كل همهم فيه، أو هو يملك الأيام الآتية، فإذا أحرزوه أحرزوها معه، وإن خسروه ذهبت بذهابه.
(٧٩) أي زدناه صفرًا فعددنا عشرة، وأخرجناه كذلك صفرًا ولا فخر، وهذه الكثرة كثرة لغوية،
"
16,snippet_same_author_diff_doc_dev_in,Hindawi_71,42702649,"وقد فهمنا من كل هذا أنها تجد لذة في الحديث إلى الفتى، وأن الفتى مفتون باستماع حديثها. وهما في ذلك وقد تقدم الليل وإذا «مكسيم» قد أقبل ولم يكن منتظرًا، إنما كانت تنتظر عودته من الغد. أقبل فلم يجد أحدًا
"
25,main,Hindawi_107,85252495,"ثم مشى الإمبراطور إلى البهو وهو يجاهد في إخفاء اضطرابه، وتقدَّمَه الفون هتلر وصاح بملء صوته: جلالة الإمبراطور.
وساد السكوت في البهو لحظة، ولكنه سمع مَن يهمس قائلًا: «وجلالة الإمبراطورة!»
ثم دخل الإمبراطور وطاف بين الجمع والفون هتلر يقدِّم له
"
25,snippet_diff_author_same_corpus_dev_out,Hindawi_60,39308197,"وقد كانت كَرمَة ابن هانئ هي أول دارٍ للشاعر في حي المطرية، وقد اختاره حتى يكون قريبًا من سراي الخديوي الذي ارتبط به في القسم الأول من حياته، ولكنه بعد سنوات المنفى وعودته إلى القاهرة عام ١٩١٩م اختار حيَّ الجيزة
"
25,snippet_same_author_diff_doc_dev_in,Hindawi_107,49195362,"فالتفت جورجي إلى ليلى وقال: نعود إلى المائة ألف جنيه يا ليلى، كيف …
فقاطعته ليلى قائلة: لقد تفلت على المائة ألف جنيه؛ لأني تطهرت من أقذار ترابيتي وأصبحت روحانية، وإذا بقيت روحانيتي تتشبث بالماديات فلا تليق للاتحاد بروحانية يوسف.
"
25,snippet_diff_author_diff_corpus_dev_out,Gumar_20,00240,"ريوف:بسااافر
هند فاتحه عيونها:وين؟؟؟
ريوف:لهلي أمريكا
هند:هاااا قولي والله من صجك؟؟رايحه معك رايحه معك عساني لو اتعلق بجناح الطياره ههههههه
ريوف:والله فكره حلوة لا تذكره ولا هم يحزنون..
هند:ايوه انتي ما تعرفين ان انا ام افكار خطيره،، بعدين اذا رحتي
"
25,snippet_diff_author_diff_corpus_dev_in,Gumar_483,01158,"سحب بدر اللحاف وكمل رقااااده
مروان:عااادي بتلف انته وولدك فيييه وبتنسحبووون برا ...ياله عااده قم حرااام تبانيه اذبح ولدك وانا الفه
ولا حياة لمن تناااادي
مروان :زييييين يا بدر زيييين
كشف مروان اللحاف وصرخ في اذن الصبي وقااام ايصييييح ونفس
"
25,snippet_same_author_same_doc,Hindawi_107,85252495,"فسكت الجمع فقال: بكل أسف وبحزنٍ شديد أنعي إليكم أميرنا المحبوب المأسوف عليه البرنس رودلف ولي العهد، وغدًا صباحًا يُنشَر تفصيل وفاته، عزَّى الله الأسرة المالكة الجليلة بكم وبسائر الشعب.
فسكت الحضور وسكنوا كأن على رءوسهم الطير، ثم جعلوا يتهامسون
"
25,snippet_same_author_diff_doc_dev_out,Hindawi_107,60626970,"(٢)
ظن بعضهم أني أبتغي تبرئة الفتاة الزانية، وهو ظن خاطئ فما هو مستدل من فحوى الرواية، وفي مقدمتها نص صريح على أنها غير بريئة، وعلى أن شريكها في الإثم مذنب مثلها يجب أن يعاقب عقابها.
نعم إن لسان حال
"
25,snippet_diff_author_same_corpus_dev_in,Hindawi_82,52849381,"خليليّ ريا قد أجد بكورها
وسارت إلى الأرض السماوة عيرها
خليليّ إني قد غشيت من البكا
فهل عند غيري عبرة أستعيرها
فقلت له: يا عتبة، إني وردت بمال جزيل أريد به ستر أهل المروءة، لأبذلنَّه أمامك حتى تبلغ رضاك وفوق
"
36,main,Gumar_425,00507,"شوق : حلوه
مها : لالا ليش تطلبيها والله ماتستاهل
شهد : انا بطلبها ومعها كم أيشارب عشان لونها قريب من ملابسي
مها : الرجال مايستاهلون تتكشخين لهم خساره تشترين شي واحد عشانهم
شهد طلعت عيونها : بس يوسف غير
"
36,snippet_same_author_diff_doc_dev_out,Gumar_425,00509,"رغد تمسح دموعها: ريمآ خليك قويه أكثر ..هذآ اللي ربي كآتبه لهآ
هنادي قآمت دخلت غرفتها رمت نفسها على السرير غمضت عيونها الحارقه مثل الجمر من كثرت بكآئهآ وذرفهآ للدموع ...صوتها أصبح مبحوح بسبب شهقاتها المتلاحقه ...ازعجتها نغمة جوالها ..سحبته
"
36,snippet_diff_author_diff_corpus_dev_in,Hindawi_82,38246146,"وأما الندب فهو ما فضل عن الكفاية وزاد على قدر الحاجة فإن الأمر فيه معتبر بحال طالبه، فإن كان ممن تقاعد عن مراتب الرؤساء وتقاصر عن مطاولة النظراء وانقبض عن منافسة الأكفاء فحسبه ما كفاه فليس في الزيادة إلَّا شره
"
36,snippet_diff_author_diff_corpus_dev_out,Hindawi_21,49386150,"في غرفته المكيفة بالجورنال، كان رئيس التحرير في اجتماع عاجل مع كبار المحررين والكتَّاب. جاءت اليوم إشارة من الرئاسة بتكذيب الخبر، الذي نشرته بعض الصحف المأجورة من الخارج، أن جلال أسعد مات بالتعذيب في السجن وليس في إثر حادث سيارة،
"
36,snippet_diff_author_same_corpus_dev_out,Gumar_214,00270,"كيف ماتضوي والكل حــــاضر وموجــــــــود
بشـــــوق المحبة نلتقي من سعــــــدها
عروسنا العروسة ياكل الحسن فيها موجود
يغـــــار منهــــا البدر من طلة هدبــــــها
عروسنا العروسة يابنت الاصل يابنت الجود
فيــــك القصـــــــــايد ماتوفي سببـــــها
عريسنا العريس ياكل الشهـــــامة بــــــلا زود
ولد الرجــــــــــال
"
36,snippet_same_author_diff_doc_dev_in,Gumar_425,00508,"كانت ماهي مستوعبه كلام عمها تحس انها بحلم او كابوس ماتدري متى تصحى منه على وآقعها .. قام عمها وتركها مع مها اللي لا تقل صدمتها عن سحر
بعد ربع ساعه من الصمت السائد بينهم
مها :سحر الولد يبيك وشاريك
"
36,snippet_same_author_same_doc,Gumar_425,00507,"لـ اللي تحب ولا أنتقـادر تشوفه!
يكويـك ""جمـرٍ"" داخـل القلبحرّاق ...
زود ٍعلــى نــاره تهـدّك طيوفه!
لا مـرّ بعيـونك كمـا نـوض برّاق ...
مـالك مجــال إلاّ تســاير ظروفه
ياصاحبـي لـو بينـي وبينـك آفاق ...
نفسي معـك في كـل حالـة شغوفة
"
36,snippet_diff_author_same_corpus_dev_in,Gumar_12,00017,"ماجد+اسيل...ماجد ما تحمل اكثر اسيل وحركاتها وارسل لها ورقة طلاقها..وامه تحن عليه يتزوج بس هو شايل الفكره من راسه...بس اكيد ام ماجد ما راح تخليه...
فواز+بدور....عايشين حياة طبيعيه ويتخللها الحب...وبدور جابت ولد وسمته ضاري...
طلال+عبير...عايشين حياتهم سمنه على عسل..مبسوطين بس
"
